[2026-08-20T18:15:13+08:00] [ERROR] component=health-check Project health degraded (from previous check) | status=degraded validation_errors="[\"error1\", \"error2\", \"error3\"]"
[2026-08-20T18:15:13+08:00] [ERROR] component=health-check Project health degraded (from previous check) | status=degraded validation_errors="[\"error_0\", \"error_1\", \"error_2\", \"error_3\", \"error_4\", \"error_5\", \"error_6\", \"error_7\", \"error_8\", \"error_9\"]"
[2026-08-20T18:15:24+08:00] [ERROR] component=pretooluse-guard guard timed out after 5s | cwd=/private/var/folders/yl/qz0xdxvs36s_jr46sp_l9skh0000gn/T/pytest-of-busiji/pytest-1979/popen-gw4/test_gateway_timeout_non_prote0
[2026-08-20T18:15:24+08:00] [ERROR] component=pretooluse-guard guard timed out after 5s | cwd=/private/var/folders/yl/qz0xdxvs36s_jr46sp_l9skh0000gn/T/pytest-of-busiji/pytest-1979/popen-gw4/test_gateway_timeout_protected0
[2026-08-20T18:15:24+08:00] [ERROR] component=pretooluse-guard guard execution failed | error="Guard crashed"
[2026-08-20T18:15:24+08:00] [ERROR] component=pretooluse-guard guard execution failed | error="Guard crashed"
[2026-08-20T18:15:31+08:00] [ERROR] component=memory-hook-gateway delegate preflight failed | cwd=/private/var/folders/yl/qz0xdxvs36s_jr46sp_l9skh0000gn/T/pytest-of-busiji/pytest-1979/popen-gw2/test_degraded_package_on_prefl0 error="preflight failed" event=session-start host=codex
[2026-08-20T18:15:45+08:00] [ERROR] component=pretooluse-guard guard execution failed | error="guard crashed"
[2026-08-20T18:15:45+08:00] [ERROR] component=pretooluse-guard guard timed out after 5s | cwd=/private/var/folders/yl/qz0xdxvs36s_jr46sp_l9skh0000gn/T/pytest-of-busiji/pytest-1979/popen-gw1/test_gateway_timeout_protected0
[2026-08-20T18:15:45+08:00] [ERROR] component=test_component test message | key=value
[2026-08-20T18:15:52+08:00] [ERROR] component=pretooluse-guard guard timed out after 5s | cwd=/private/var/folders/yl/qz0xdxvs36s_jr46sp_l9skh0000gn/T/pytest-of-busiji/pytest-1979/popen-gw3/test_gateway_timeout_non_prote0
[2026-08-20T18:15:52+08:00] [ERROR] component=pretooluse-guard guard execution failed | error="guard crashed"
[2026-08-20T18:15:52+08:00] [ERROR] component=pretooluse-guard guard timed out after 5s | cwd=/private/var/folders/yl/qz0xdxvs36s_jr46sp_l9skh0000gn/T/pytest-of-busiji/pytest-1979/popen-gw3/test_gateway_fail_closed_write1
[2026-08-20T18:15:52+08:00] [ERROR] component=pretooluse-guard guard timed out after 5s | cwd=/private/var/folders/yl/qz0xdxvs36s_jr46sp_l9skh0000gn/T/pytest-of-busiji/pytest-1979/popen-gw3/test_gateway_handles_json_arra0
[2026-08-20T18:15:52+08:00] [ERROR] component=pretooluse-guard guard timed out after 5s | cwd=/private/var/folders/yl/qz0xdxvs36s_jr46sp_l9skh0000gn/T/pytest-of-busiji/pytest-1979/popen-gw3/test_gateway_fail_closed_redac0
[2026-08-20T18:16:00+08:00] [ERROR] component=test_component test message | key=value
[2026-08-20T18:17:12+08:00] [ERROR] component=test_component test message | key=value
[2026-08-20T18:17:12+08:00] [ERROR] component=test_component test message | key=value
[2026-08-20T18:17:57+08:00] [ERROR] component=pretooluse-guard guard timed out after 5s | cwd=/private/var/folders/yl/qz0xdxvs36s_jr46sp_l9skh0000gn/T/pytest-of-busiji/pytest-1978/test_gateway_fail_closed_redac0
[2026-08-20T18:17:57+08:00] [ERROR] component=pretooluse-guard guard timed out after 5s | cwd=/private/var/folders/yl/qz0xdxvs36s_jr46sp_l9skh0000gn/T/pytest-of-busiji/pytest-1978/test_gateway_handles_json_arra0
[2026-08-20T18:17:57+08:00] [ERROR] component=pretooluse-guard guard timed out after 5s | cwd=/private/var/folders/yl/qz0xdxvs36s_jr46sp_l9skh0000gn/T/pytest-of-busiji/pytest-1978/test_gateway_timeout_protected0
[2026-08-20T18:17:57+08:00] [ERROR] component=pretooluse-guard guard execution failed | error="guard crashed"
[2026-08-20T18:17:57+08:00] [ERROR] component=pretooluse-guard guard timed out after 5s | cwd=/private/var/folders/yl/qz0xdxvs36s_jr46sp_l9skh0000gn/T/pytest-of-busiji/pytest-1978/test_gateway_timeout_non_prote0
[2026-08-20T18:17:57+08:00] [ERROR] component=pretooluse-guard guard execution failed | error="guard crashed"
[2026-08-20T18:17:57+08:00] [ERROR] component=pretooluse-guard guard timed out after 5s | cwd=/private/var/folders/yl/qz0xdxvs36s_jr46sp_l9skh0000gn/T/pytest-of-busiji/pytest-1978/test_gateway_fail_closed_write1
[2026-08-20T18:18:49+08:00] [ERROR] component=pretooluse-guard guard timed out after 5s | cwd=/private/var/folders/yl/qz0xdxvs36s_jr46sp_l9skh0000gn/T/pytest-of-busiji/pytest-1987/popen-gw0/test_gateway_handles_json_arra0
[2026-08-20T18:18:49+08:00] [ERROR] component=pretooluse-guard guard timed out after 5s | cwd=/private/var/folders/yl/qz0xdxvs36s_jr46sp_l9skh0000gn/T/pytest-of-busiji/pytest-1987/popen-gw0/test_gateway_timeout_non_prote0
[2026-08-20T18:18:49+08:00] [ERROR] component=pretooluse-guard guard execution failed | error="guard crashed"
[2026-08-20T18:18:49+08:00] [ERROR] component=pretooluse-guard guard timed out after 5s | cwd=/private/var/folders/yl/qz0xdxvs36s_jr46sp_l9skh0000gn/T/pytest-of-busiji/pytest-1987/popen-gw0/test_gateway_timeout_protected0
[2026-08-20T18:18:49+08:00] [ERROR] component=pretooluse-guard guard timed out after 5s | cwd=/private/var/folders/yl/qz0xdxvs36s_jr46sp_l9skh0000gn/T/pytest-of-busiji/pytest-1987/popen-gw0/test_gateway_fail_closed_redac0
[2026-08-20T18:18:49+08:00] [ERROR] component=pretooluse-guard guard timed out after 5s | cwd=/private/var/folders/yl/qz0xdxvs36s_jr46sp_l9skh0000gn/T/pytest-of-busiji/pytest-1987/popen-gw0/test_gateway_fail_closed_write0
[2026-08-20T18:18:49+08:00] [ERROR] component=pretooluse-guard guard execution failed | error="guard crashed"
[2026-08-20T18:18:55+08:00] [ERROR] component=test_component test message | key=value
[2026-08-20T18:18:55+08:00] [ERROR] component=test_component test message | key=value
[2026-08-20T18:18:56+08:00] [ERROR] component=health-check Project health degraded (from previous check) | status=degraded validation_errors="[\"error_0\", \"error_1\", \"error_2\", \"error_3\", \"error_4\", \"error_5\", \"error_6\", \"error_7\", \"error_8\", \"error_9\"]"
[2026-08-20T18:18:56+08:00] [ERROR] component=health-check Project health degraded (from previous check) | status=degraded validation_errors="[\"error1\", \"error2\", \"error3\"]"
[2026-08-20T18:19:05+08:00] [ERROR] component=memory-hook-gateway delegate preflight failed | cwd=/private/var/folders/yl/qz0xdxvs36s_jr46sp_l9skh0000gn/T/pytest-of-busiji/pytest-1987/popen-gw3/test_degraded_package_on_prefl0 error="preflight failed" event=session-start host=codex
[2026-08-20T18:19:08+08:00] [ERROR] component=pretooluse-guard guard timed out after 5s | cwd=/private/var/folders/yl/qz0xdxvs36s_jr46sp_l9skh0000gn/T/pytest-of-busiji/pytest-1987/popen-gw5/test_gateway_timeout_non_prote0
[2026-08-20T18:19:08+08:00] [ERROR] component=pretooluse-guard guard execution failed | error="Guard crashed"
[2026-08-20T18:19:08+08:00] [ERROR] component=pretooluse-guard guard execution failed | error="Guard crashed"
[2026-08-20T18:19:08+08:00] [ERROR] component=pretooluse-guard guard timed out after 5s | cwd=/private/var/folders/yl/qz0xdxvs36s_jr46sp_l9skh0000gn/T/pytest-of-busiji/pytest-1987/popen-gw5/test_gateway_timeout_protected0
[2026-08-20T18:33:33+08:00] [ERROR] component=pretooluse-guard guard timed out after 5s | cwd=/private/var/folders/yl/qz0xdxvs36s_jr46sp_l9skh0000gn/T/pytest-of-busiji/pytest-2005/popen-gw1/test_gateway_timeout_non_prote0
[2026-08-20T18:33:33+08:00] [ERROR] component=pretooluse-guard guard execution failed | error="Guard crashed"
[2026-08-20T18:33:33+08:00] [ERROR] component=pretooluse-guard guard timed out after 5s | cwd=/private/var/folders/yl/qz0xdxvs36s_jr46sp_l9skh0000gn/T/pytest-of-busiji/pytest-2005/popen-gw1/test_gateway_timeout_protected0
[2026-08-20T18:33:33+08:00] [ERROR] component=pretooluse-guard guard execution failed | error="Guard crashed"
[2026-08-20T18:33:52+08:00] [ERROR] component=memory-hook-gateway delegate preflight failed | cwd=/private/var/folders/yl/qz0xdxvs36s_jr46sp_l9skh0000gn/T/pytest-of-busiji/pytest-2005/popen-gw3/test_degraded_package_on_prefl0 error="preflight failed" event=session-start host=codex
[2026-08-20T18:33:52+08:00] [ERROR] component=pretooluse-guard guard execution failed | error="guard crashed"
[2026-08-20T18:33:52+08:00] [ERROR] component=pretooluse-guard guard timed out after 5s | cwd=/private/var/folders/yl/qz0xdxvs36s_jr46sp_l9skh0000gn/T/pytest-of-busiji/pytest-2005/popen-gw4/test_gateway_timeout_protected0
[2026-08-20T18:33:52+08:00] [ERROR] component=pretooluse-guard guard timed out after 5s | cwd=/private/var/folders/yl/qz0xdxvs36s_jr46sp_l9skh0000gn/T/pytest-of-busiji/pytest-2005/popen-gw4/test_gateway_timeout_non_prote0
[2026-08-20T18:33:52+08:00] [ERROR] component=pretooluse-guard guard timed out after 5s | cwd=/private/var/folders/yl/qz0xdxvs36s_jr46sp_l9skh0000gn/T/pytest-of-busiji/pytest-2005/popen-gw4/test_gateway_handles_json_arra0
[2026-08-20T18:33:52+08:00] [ERROR] component=pretooluse-guard guard timed out after 5s | cwd=/private/var/folders/yl/qz0xdxvs36s_jr46sp_l9skh0000gn/T/pytest-of-busiji/pytest-2005/popen-gw4/test_gateway_fail_closed_write0
[2026-08-20T18:33:52+08:00] [ERROR] component=pretooluse-guard guard execution failed | error="guard crashed"
[2026-08-20T18:33:52+08:00] [ERROR] component=pretooluse-guard guard timed out after 5s | cwd=/private/var/folders/yl/qz0xdxvs36s_jr46sp_l9skh0000gn/T/pytest-of-busiji/pytest-2005/popen-gw4/test_gateway_fail_closed_redac0
[2026-08-20T18:34:01+08:00] [ERROR] component=health-check Project health degraded (from previous check) | status=degraded validation_errors="[\"error_0\", \"error_1\", \"error_2\", \"error_3\", \"error_4\", \"error_5\", \"error_6\", \"error_7\", \"error_8\", \"error_9\"]"
[2026-08-20T18:34:01+08:00] [ERROR] component=health-check Project health degraded (from previous check) | status=degraded validation_errors="[\"error1\", \"error2\", \"error3\"]"
[2026-08-20T18:34:04+08:00] [ERROR] component=test_component test message | key=value
[2026-08-20T18:34:04+08:00] [ERROR] component=test_component test message | key=value
[2026-08-20T18:39:02+08:00] [ERROR] component=pretooluse-guard guard timed out after 5s | cwd=/private/var/folders/yl/qz0xdxvs36s_jr46sp_l9skh0000gn/T/pytest-of-busiji/pytest-2010/popen-gw2/test_gateway_timeout_protected0
[2026-08-20T18:39:02+08:00] [ERROR] component=pretooluse-guard guard timed out after 5s | cwd=/private/var/folders/yl/qz0xdxvs36s_jr46sp_l9skh0000gn/T/pytest-of-busiji/pytest-2010/popen-gw2/test_gateway_timeout_non_prote0
[2026-08-20T18:39:02+08:00] [ERROR] component=pretooluse-guard guard execution failed | error="Guard crashed"
[2026-08-20T18:39:02+08:00] [ERROR] component=pretooluse-guard guard execution failed | error="Guard crashed"
[2026-08-20T18:39:07+08:00] [ERROR] component=test_component test message | key=value
[2026-08-20T18:39:28+08:00] [ERROR] component=test_component test message | key=value
[2026-08-20T18:39:29+08:00] [ERROR] component=health-check Project health degraded (from previous check) | status=degraded validation_errors="[\"error_0\", \"error_1\", \"error_2\", \"error_3\", \"error_4\", \"error_5\", \"error_6\", \"error_7\", \"error_8\", \"error_9\"]"
[2026-08-20T18:39:29+08:00] [ERROR] component=health-check Project health degraded (from previous check) | status=degraded validation_errors="[\"error1\", \"error2\", \"error3\"]"
[2026-08-20T18:39:46+08:00] [ERROR] component=pretooluse-guard guard timed out after 5s | cwd=/private/var/folders/yl/qz0xdxvs36s_jr46sp_l9skh0000gn/T/pytest-of-busiji/pytest-2010/popen-gw2/test_gateway_handles_json_arra0
[2026-08-20T18:39:46+08:00] [ERROR] component=pretooluse-guard guard execution failed | error="guard crashed"
[2026-08-20T18:39:46+08:00] [ERROR] component=pretooluse-guard guard timed out after 5s | cwd=/private/var/folders/yl/qz0xdxvs36s_jr46sp_l9skh0000gn/T/pytest-of-busiji/pytest-2010/popen-gw2/test_gateway_timeout_non_prote1
[2026-08-20T18:39:46+08:00] [ERROR] component=pretooluse-guard guard timed out after 5s | cwd=/private/var/folders/yl/qz0xdxvs36s_jr46sp_l9skh0000gn/T/pytest-of-busiji/pytest-2010/popen-gw2/test_gateway_timeout_protected1
[2026-08-20T18:39:47+08:00] [ERROR] component=pretooluse-guard guard timed out after 5s | cwd=/private/var/folders/yl/qz0xdxvs36s_jr46sp_l9skh0000gn/T/pytest-of-busiji/pytest-2010/popen-gw2/test_gateway_fail_closed_redac0
[2026-08-20T18:39:47+08:00] [ERROR] component=pretooluse-guard guard execution failed | error="guard crashed"
[2026-08-20T18:39:47+08:00] [ERROR] component=pretooluse-guard guard timed out after 5s | cwd=/private/var/folders/yl/qz0xdxvs36s_jr46sp_l9skh0000gn/T/pytest-of-busiji/pytest-2010/popen-gw2/test_gateway_fail_closed_write1
[2026-08-20T18:39:48+08:00] [ERROR] component=memory-hook-gateway delegate preflight failed | cwd=/private/var/folders/yl/qz0xdxvs36s_jr46sp_l9skh0000gn/T/pytest-of-busiji/pytest-2010/popen-gw1/test_degraded_package_on_prefl0 error="preflight failed" event=session-start host=codex
[2026-08-20T19:16:34+08:00] [ERROR] component=memory-hook-gateway delegate preflight failed | cwd=/private/var/folders/yl/qz0xdxvs36s_jr46sp_l9skh0000gn/T/pytest-of-busiji/pytest-2017/popen-gw5/test_degraded_package_on_prefl0 error="preflight failed" event=session-start host=codex
[2026-08-20T19:17:00+08:00] [ERROR] component=pretooluse-guard guard execution failed | error="guard crashed"
[2026-08-20T19:17:00+08:00] [ERROR] component=pretooluse-guard guard timed out after 5s | cwd=/private/var/folders/yl/qz0xdxvs36s_jr46sp_l9skh0000gn/T/pytest-of-busiji/pytest-2017/popen-gw0/test_gateway_timeout_protected0
[2026-08-20T19:17:00+08:00] [ERROR] component=pretooluse-guard guard timed out after 5s | cwd=/private/var/folders/yl/qz0xdxvs36s_jr46sp_l9skh0000gn/T/pytest-of-busiji/pytest-2017/popen-gw0/test_gateway_timeout_non_prote0
[2026-08-20T19:17:00+08:00] [ERROR] component=pretooluse-guard guard timed out after 5s | cwd=/private/var/folders/yl/qz0xdxvs36s_jr46sp_l9skh0000gn/T/pytest-of-busiji/pytest-2017/popen-gw0/test_gateway_handles_json_arra0
[2026-08-20T19:17:00+08:00] [ERROR] component=pretooluse-guard guard execution failed | error="guard crashed"
[2026-08-20T19:17:00+08:00] [ERROR] component=pretooluse-guard guard timed out after 5s | cwd=/private/var/folders/yl/qz0xdxvs36s_jr46sp_l9skh0000gn/T/pytest-of-busiji/pytest-2017/popen-gw0/test_gateway_fail_closed_write1
[2026-08-20T19:17:01+08:00] [ERROR] component=pretooluse-guard guard timed out after 5s | cwd=/private/var/folders/yl/qz0xdxvs36s_jr46sp_l9skh0000gn/T/pytest-of-busiji/pytest-2017/popen-gw0/test_gateway_fail_closed_redac0
[2026-08-20T19:17:02+08:00] [ERROR] component=health-check Project health degraded (from previous check) | status=degraded validation_errors="[\"error1\", \"error2\", \"error3\"]"
[2026-08-20T19:17:02+08:00] [ERROR] component=health-check Project health degraded (from previous check) | status=degraded validation_errors="[\"error_0\", \"error_1\", \"error_2\", \"error_3\", \"error_4\", \"error_5\", \"error_6\", \"error_7\", \"error_8\", \"error_9\"]"
[2026-08-20T19:17:13+08:00] [ERROR] component=test_component test message | key=value
[2026-08-20T19:17:14+08:00] [ERROR] component=test_component test message | key=value
[2026-08-20T19:17:26+08:00] [ERROR] component=pretooluse-guard guard execution failed | error="Guard crashed"
[2026-08-20T19:17:26+08:00] [ERROR] component=pretooluse-guard guard timed out after 5s | cwd=/private/var/folders/yl/qz0xdxvs36s_jr46sp_l9skh0000gn/T/pytest-of-busiji/pytest-2017/popen-gw4/test_gateway_timeout_protected0
[2026-08-20T19:17:26+08:00] [ERROR] component=pretooluse-guard guard execution failed | error="Guard crashed"
[2026-08-20T19:17:26+08:00] [ERROR] component=pretooluse-guard guard timed out after 5s | cwd=/private/var/folders/yl/qz0xdxvs36s_jr46sp_l9skh0000gn/T/pytest-of-busiji/pytest-2017/popen-gw4/test_gateway_timeout_non_prote0
[2026-08-20T19:20:06+08:00] [ERROR] component=pretooluse-guard guard timed out after 5s | cwd=/private/var/folders/yl/qz0xdxvs36s_jr46sp_l9skh0000gn/T/pytest-of-busiji/pytest-2019/popen-gw5/test_gateway_fail_closed_write0
[2026-08-20T19:20:06+08:00] [ERROR] component=pretooluse-guard guard execution failed | error="guard crashed"
[2026-08-20T19:20:06+08:00] [ERROR] component=pretooluse-guard guard timed out after 5s | cwd=/private/var/folders/yl/qz0xdxvs36s_jr46sp_l9skh0000gn/T/pytest-of-busiji/pytest-2019/popen-gw5/test_gateway_handles_json_arra0
[2026-08-20T19:20:06+08:00] [ERROR] component=pretooluse-guard guard timed out after 5s | cwd=/private/var/folders/yl/qz0xdxvs36s_jr46sp_l9skh0000gn/T/pytest-of-busiji/pytest-2019/popen-gw5/test_gateway_fail_closed_redac0
[2026-08-20T19:20:06+08:00] [ERROR] component=pretooluse-guard guard timed out after 5s | cwd=/private/var/folders/yl/qz0xdxvs36s_jr46sp_l9skh0000gn/T/pytest-of-busiji/pytest-2019/popen-gw5/test_gateway_timeout_non_prote0
[2026-08-20T19:20:06+08:00] [ERROR] component=pretooluse-guard guard timed out after 5s | cwd=/private/var/folders/yl/qz0xdxvs36s_jr46sp_l9skh0000gn/T/pytest-of-busiji/pytest-2019/popen-gw5/test_gateway_timeout_protected0
[2026-08-20T19:20:06+08:00] [ERROR] component=pretooluse-guard guard execution failed | error="guard crashed"
[2026-08-20T19:20:19+08:00] [ERROR] component=pretooluse-guard guard timed out after 5s | cwd=/private/var/folders/yl/qz0xdxvs36s_jr46sp_l9skh0000gn/T/pytest-of-busiji/pytest-2019/popen-gw1/test_gateway_timeout_non_prote0
[2026-08-20T19:20:19+08:00] [ERROR] component=pretooluse-guard guard execution failed | error="Guard crashed"
[2026-08-20T19:20:19+08:00] [ERROR] component=pretooluse-guard guard execution failed | error="Guard crashed"
[2026-08-20T19:20:19+08:00] [ERROR] component=pretooluse-guard guard timed out after 5s | cwd=/private/var/folders/yl/qz0xdxvs36s_jr46sp_l9skh0000gn/T/pytest-of-busiji/pytest-2019/popen-gw1/test_gateway_timeout_protected0
[2026-08-20T19:20:28+08:00] [ERROR] component=health-check Project health degraded (from previous check) | status=degraded validation_errors="[\"error1\", \"error2\", \"error3\"]"
[2026-08-20T19:20:28+08:00] [ERROR] component=health-check Project health degraded (from previous check) | status=degraded validation_errors="[\"error_0\", \"error_1\", \"error_2\", \"error_3\", \"error_4\", \"error_5\", \"error_6\", \"error_7\", \"error_8\", \"error_9\"]"
[2026-08-20T19:20:52+08:00] [ERROR] component=memory-hook-gateway delegate preflight failed | cwd=/private/var/folders/yl/qz0xdxvs36s_jr46sp_l9skh0000gn/T/pytest-of-busiji/pytest-2019/popen-gw4/test_degraded_package_on_prefl0 error="preflight failed" event=session-start host=codex
[2026-08-20T19:20:58+08:00] [ERROR] component=test_component test message | key=value
[2026-08-20T19:20:58+08:00] [ERROR] component=test_component test message | key=value
[2026-08-20T19:22:45+08:00] [ERROR] component=test_component test message | key=value
[2026-08-20T19:22:48+08:00] [ERROR] component=test_component test message | key=value
[2026-08-20T19:23:02+08:00] [ERROR] component=memory-hook-gateway delegate preflight failed | cwd=/private/var/folders/yl/qz0xdxvs36s_jr46sp_l9skh0000gn/T/pytest-of-busiji/pytest-2022/popen-gw3/test_degraded_package_on_prefl0 error="preflight failed" event=session-start host=codex
[2026-08-20T19:23:17+08:00] [ERROR] component=pretooluse-guard guard execution failed | error="Guard crashed"
[2026-08-20T19:23:17+08:00] [ERROR] component=pretooluse-guard guard execution failed | error="Guard crashed"
[2026-08-20T19:23:17+08:00] [ERROR] component=pretooluse-guard guard timed out after 5s | cwd=/private/var/folders/yl/qz0xdxvs36s_jr46sp_l9skh0000gn/T/pytest-of-busiji/pytest-2022/popen-gw5/test_gateway_timeout_protected0
[2026-08-20T19:23:17+08:00] [ERROR] component=pretooluse-guard guard timed out after 5s | cwd=/private/var/folders/yl/qz0xdxvs36s_jr46sp_l9skh0000gn/T/pytest-of-busiji/pytest-2022/popen-gw5/test_gateway_timeout_non_prote0
[2026-08-20T19:23:18+08:00] [ERROR] component=health-check Project health degraded (from previous check) | status=degraded validation_errors="[\"error_0\", \"error_1\", \"error_2\", \"error_3\", \"error_4\", \"error_5\", \"error_6\", \"error_7\", \"error_8\", \"error_9\"]"
[2026-08-20T19:23:18+08:00] [ERROR] component=health-check Project health degraded (from previous check) | status=degraded validation_errors="[\"error1\", \"error2\", \"error3\"]"
[2026-08-20T19:23:23+08:00] [ERROR] component=pretooluse-guard guard timed out after 5s | cwd=/private/var/folders/yl/qz0xdxvs36s_jr46sp_l9skh0000gn/T/pytest-of-busiji/pytest-2022/popen-gw5/test_gateway_fail_closed_redac0
[2026-08-20T19:23:23+08:00] [ERROR] component=pretooluse-guard guard timed out after 5s | cwd=/private/var/folders/yl/qz0xdxvs36s_jr46sp_l9skh0000gn/T/pytest-of-busiji/pytest-2022/popen-gw5/test_gateway_fail_closed_write0
[2026-08-20T19:23:23+08:00] [ERROR] component=pretooluse-guard guard execution failed | error="guard crashed"
[2026-08-20T19:23:24+08:00] [ERROR] component=pretooluse-guard guard execution failed | error="guard crashed"
[2026-08-20T19:23:24+08:00] [ERROR] component=pretooluse-guard guard timed out after 5s | cwd=/private/var/folders/yl/qz0xdxvs36s_jr46sp_l9skh0000gn/T/pytest-of-busiji/pytest-2022/popen-gw5/test_gateway_timeout_non_prote1
[2026-08-20T19:23:24+08:00] [ERROR] component=pretooluse-guard guard timed out after 5s | cwd=/private/var/folders/yl/qz0xdxvs36s_jr46sp_l9skh0000gn/T/pytest-of-busiji/pytest-2022/popen-gw5/test_gateway_timeout_protected1
[2026-08-20T19:23:24+08:00] [ERROR] component=pretooluse-guard guard timed out after 5s | cwd=/private/var/folders/yl/qz0xdxvs36s_jr46sp_l9skh0000gn/T/pytest-of-busiji/pytest-2022/popen-gw5/test_gateway_handles_json_arra0
[2026-08-20T19:25:22+08:00] [ERROR] component=test_component test message | key=value
[2026-08-20T19:25:22+08:00] [ERROR] component=test_component test message | key=value
[2026-08-20T19:25:37+08:00] [ERROR] component=memory-hook-gateway delegate preflight failed | cwd=/private/var/folders/yl/qz0xdxvs36s_jr46sp_l9skh0000gn/T/pytest-of-busiji/pytest-2025/popen-gw2/test_degraded_package_on_prefl0 error="preflight failed" event=session-start host=codex
[2026-08-20T19:25:57+08:00] [ERROR] component=pretooluse-guard guard timed out after 5s | cwd=/private/var/folders/yl/qz0xdxvs36s_jr46sp_l9skh0000gn/T/pytest-of-busiji/pytest-2025/popen-gw4/test_gateway_handles_json_arra0
[2026-08-20T19:25:57+08:00] [ERROR] component=pretooluse-guard guard timed out after 5s | cwd=/private/var/folders/yl/qz0xdxvs36s_jr46sp_l9skh0000gn/T/pytest-of-busiji/pytest-2025/popen-gw4/test_gateway_fail_closed_redac0
[2026-08-20T19:25:57+08:00] [ERROR] component=pretooluse-guard guard timed out after 5s | cwd=/private/var/folders/yl/qz0xdxvs36s_jr46sp_l9skh0000gn/T/pytest-of-busiji/pytest-2025/popen-gw4/test_gateway_timeout_non_prote0
[2026-08-20T19:25:57+08:00] [ERROR] component=pretooluse-guard guard timed out after 5s | cwd=/private/var/folders/yl/qz0xdxvs36s_jr46sp_l9skh0000gn/T/pytest-of-busiji/pytest-2025/popen-gw4/test_gateway_timeout_protected0
[2026-08-20T19:25:57+08:00] [ERROR] component=pretooluse-guard guard execution failed | error="guard crashed"
[2026-08-20T19:25:57+08:00] [ERROR] component=pretooluse-guard guard execution failed | error="guard crashed"
[2026-08-20T19:25:57+08:00] [ERROR] component=pretooluse-guard guard timed out after 5s | cwd=/private/var/folders/yl/qz0xdxvs36s_jr46sp_l9skh0000gn/T/pytest-of-busiji/pytest-2025/popen-gw4/test_gateway_fail_closed_write1
[2026-08-20T19:26:11+08:00] [ERROR] component=pretooluse-guard guard execution failed | error="Guard crashed"
[2026-08-20T19:26:11+08:00] [ERROR] component=pretooluse-guard guard timed out after 5s | cwd=/private/var/folders/yl/qz0xdxvs36s_jr46sp_l9skh0000gn/T/pytest-of-busiji/pytest-2025/popen-gw3/test_gateway_timeout_non_prote0
[2026-08-20T19:26:11+08:00] [ERROR] component=pretooluse-guard guard execution failed | error="Guard crashed"
[2026-08-20T19:26:11+08:00] [ERROR] component=pretooluse-guard guard timed out after 5s | cwd=/private/var/folders/yl/qz0xdxvs36s_jr46sp_l9skh0000gn/T/pytest-of-busiji/pytest-2025/popen-gw3/test_gateway_timeout_protected0
[2026-08-20T19:26:12+08:00] [ERROR] component=health-check Project health degraded (from previous check) | status=degraded validation_errors="[\"error1\", \"error2\", \"error3\"]"
[2026-08-20T19:26:12+08:00] [ERROR] component=health-check Project health degraded (from previous check) | status=degraded validation_errors="[\"error_0\", \"error_1\", \"error_2\", \"error_3\", \"error_4\", \"error_5\", \"error_6\", \"error_7\", \"error_8\", \"error_9\"]"
[2026-08-20T19:33:20+08:00] [ERROR] component=health-check Project health degraded (from previous check) | status=degraded validation_errors="[\"error1\", \"error2\", \"error3\"]"
[2026-08-20T19:33:20+08:00] [ERROR] component=health-check Project health degraded (from previous check) | status=degraded validation_errors="[\"error_0\", \"error_1\", \"error_2\", \"error_3\", \"error_4\", \"error_5\", \"error_6\", \"error_7\", \"error_8\", \"error_9\"]"
[2026-08-20T19:33:50+08:00] [ERROR] component=test_component test message | key=value
[2026-08-20T19:33:50+08:00] [ERROR] component=test_component test message | key=value
[2026-08-20T19:34:02+08:00] [ERROR] component=pretooluse-guard guard execution failed | error="Guard crashed"
[2026-08-20T19:34:02+08:00] [ERROR] component=pretooluse-guard guard execution failed | error="Guard crashed"
[2026-08-20T19:34:02+08:00] [ERROR] component=pretooluse-guard guard timed out after 5s | cwd=/private/var/folders/yl/qz0xdxvs36s_jr46sp_l9skh0000gn/T/pytest-of-busiji/pytest-2029/popen-gw5/test_gateway_timeout_non_prote0
[2026-08-20T19:34:02+08:00] [ERROR] component=pretooluse-guard guard timed out after 5s | cwd=/private/var/folders/yl/qz0xdxvs36s_jr46sp_l9skh0000gn/T/pytest-of-busiji/pytest-2029/popen-gw5/test_gateway_timeout_protected0
[2026-08-20T19:34:03+08:00] [ERROR] component=pretooluse-guard guard timed out after 5s | cwd=/private/var/folders/yl/qz0xdxvs36s_jr46sp_l9skh0000gn/T/pytest-of-busiji/pytest-2029/popen-gw5/test_gateway_handles_json_arra0
[2026-08-20T19:34:03+08:00] [ERROR] component=pretooluse-guard guard timed out after 5s | cwd=/private/var/folders/yl/qz0xdxvs36s_jr46sp_l9skh0000gn/T/pytest-of-busiji/pytest-2029/popen-gw5/test_gateway_fail_closed_redac0
[2026-08-20T19:34:03+08:00] [ERROR] component=pretooluse-guard guard timed out after 5s | cwd=/private/var/folders/yl/qz0xdxvs36s_jr46sp_l9skh0000gn/T/pytest-of-busiji/pytest-2029/popen-gw5/test_gateway_timeout_protected1
[2026-08-20T19:34:03+08:00] [ERROR] component=pretooluse-guard guard execution failed | error="guard crashed"
[2026-08-20T19:34:03+08:00] [ERROR] component=pretooluse-guard guard timed out after 5s | cwd=/private/var/folders/yl/qz0xdxvs36s_jr46sp_l9skh0000gn/T/pytest-of-busiji/pytest-2029/popen-gw5/test_gateway_timeout_non_prote1
[2026-08-20T19:34:03+08:00] [ERROR] component=pretooluse-guard guard timed out after 5s | cwd=/private/var/folders/yl/qz0xdxvs36s_jr46sp_l9skh0000gn/T/pytest-of-busiji/pytest-2029/popen-gw5/test_gateway_fail_closed_write0
[2026-08-20T19:34:03+08:00] [ERROR] component=pretooluse-guard guard execution failed | error="guard crashed"
[2026-08-20T19:34:03+08:00] [ERROR] component=memory-hook-gateway delegate preflight failed | cwd=/private/var/folders/yl/qz0xdxvs36s_jr46sp_l9skh0000gn/T/pytest-of-busiji/pytest-2029/popen-gw0/test_degraded_package_on_prefl0 error="preflight failed" event=session-start host=codex
[2026-08-20T19:36:48+08:00] [ERROR] component=test_component test message | key=value
[2026-08-20T19:36:48+08:00] [ERROR] component=test_component test message | key=value
[2026-08-20T19:36:50+08:00] [ERROR] component=memory-hook-gateway delegate preflight failed | cwd=/private/var/folders/yl/qz0xdxvs36s_jr46sp_l9skh0000gn/T/pytest-of-busiji/pytest-2031/popen-gw0/test_degraded_package_on_prefl0 error="preflight failed" event=session-start host=codex
[2026-08-20T19:37:03+08:00] [ERROR] component=pretooluse-guard guard timed out after 5s | cwd=/private/var/folders/yl/qz0xdxvs36s_jr46sp_l9skh0000gn/T/pytest-of-busiji/pytest-2031/popen-gw2/test_gateway_timeout_protected0
[2026-08-20T19:37:04+08:00] [ERROR] component=pretooluse-guard guard timed out after 5s | cwd=/private/var/folders/yl/qz0xdxvs36s_jr46sp_l9skh0000gn/T/pytest-of-busiji/pytest-2031/popen-gw2/test_gateway_timeout_non_prote0
[2026-08-20T19:37:04+08:00] [ERROR] component=pretooluse-guard guard execution failed | error="Guard crashed"
[2026-08-20T19:37:04+08:00] [ERROR] component=pretooluse-guard guard execution failed | error="Guard crashed"
[2026-08-20T19:37:13+08:00] [ERROR] component=pretooluse-guard guard timed out after 5s | cwd=/private/var/folders/yl/qz0xdxvs36s_jr46sp_l9skh0000gn/T/pytest-of-busiji/pytest-2031/popen-gw4/test_gateway_fail_closed_write0
[2026-08-20T19:37:13+08:00] [ERROR] component=pretooluse-guard guard execution failed | error="guard crashed"
[2026-08-20T19:37:13+08:00] [ERROR] component=pretooluse-guard guard timed out after 5s | cwd=/private/var/folders/yl/qz0xdxvs36s_jr46sp_l9skh0000gn/T/pytest-of-busiji/pytest-2031/popen-gw4/test_gateway_handles_json_arra0
[2026-08-20T19:37:13+08:00] [ERROR] component=pretooluse-guard guard timed out after 5s | cwd=/private/var/folders/yl/qz0xdxvs36s_jr46sp_l9skh0000gn/T/pytest-of-busiji/pytest-2031/popen-gw4/test_gateway_timeout_protected0
[2026-08-20T19:37:13+08:00] [ERROR] component=pretooluse-guard guard execution failed | error="guard crashed"
[2026-08-20T19:37:13+08:00] [ERROR] component=pretooluse-guard guard timed out after 5s | cwd=/private/var/folders/yl/qz0xdxvs36s_jr46sp_l9skh0000gn/T/pytest-of-busiji/pytest-2031/popen-gw4/test_gateway_timeout_non_prote0
[2026-08-20T19:37:13+08:00] [ERROR] component=pretooluse-guard guard timed out after 5s | cwd=/private/var/folders/yl/qz0xdxvs36s_jr46sp_l9skh0000gn/T/pytest-of-busiji/pytest-2031/popen-gw4/test_gateway_fail_closed_redac0
[2026-08-20T19:37:14+08:00] [ERROR] component=health-check Project health degraded (from previous check) | status=degraded validation_errors="[\"error_0\", \"error_1\", \"error_2\", \"error_3\", \"error_4\", \"error_5\", \"error_6\", \"error_7\", \"error_8\", \"error_9\"]"
[2026-08-20T19:37:14+08:00] [ERROR] component=health-check Project health degraded (from previous check) | status=degraded validation_errors="[\"error1\", \"error2\", \"error3\"]"
[2026-08-20T19:39:58+08:00] [ERROR] component=pretooluse-guard guard timed out after 5s | cwd=/private/var/folders/yl/qz0xdxvs36s_jr46sp_l9skh0000gn/T/pytest-of-busiji/pytest-2033/popen-gw2/test_gateway_timeout_protected0
[2026-08-20T19:39:58+08:00] [ERROR] component=pretooluse-guard guard execution failed | error="Guard crashed"
[2026-08-20T19:39:58+08:00] [ERROR] component=pretooluse-guard guard timed out after 5s | cwd=/private/var/folders/yl/qz0xdxvs36s_jr46sp_l9skh0000gn/T/pytest-of-busiji/pytest-2033/popen-gw2/test_gateway_timeout_non_prote0
[2026-08-20T19:39:58+08:00] [ERROR] component=pretooluse-guard guard execution failed | error="Guard crashed"
[2026-08-20T19:40:00+08:00] [ERROR] component=health-check Project health degraded (from previous check) | status=degraded validation_errors="[\"error_0\", \"error_1\", \"error_2\", \"error_3\", \"error_4\", \"error_5\", \"error_6\", \"error_7\", \"error_8\", \"error_9\"]"
[2026-08-20T19:40:00+08:00] [ERROR] component=health-check Project health degraded (from previous check) | status=degraded validation_errors="[\"error1\", \"error2\", \"error3\"]"
[2026-08-20T19:40:03+08:00] [ERROR] component=memory-hook-gateway delegate preflight failed | cwd=/private/var/folders/yl/qz0xdxvs36s_jr46sp_l9skh0000gn/T/pytest-of-busiji/pytest-2033/popen-gw2/test_degraded_package_on_prefl0 error="preflight failed" event=session-start host=codex
[2026-08-20T19:40:28+08:00] [ERROR] component=pretooluse-guard guard timed out after 5s | cwd=/private/var/folders/yl/qz0xdxvs36s_jr46sp_l9skh0000gn/T/pytest-of-busiji/pytest-2033/popen-gw3/test_gateway_fail_closed_redac0
[2026-08-20T19:40:28+08:00] [ERROR] component=pretooluse-guard guard timed out after 5s | cwd=/private/var/folders/yl/qz0xdxvs36s_jr46sp_l9skh0000gn/T/pytest-of-busiji/pytest-2033/popen-gw3/test_gateway_fail_closed_write0
[2026-08-20T19:40:28+08:00] [ERROR] component=pretooluse-guard guard execution failed | error="guard crashed"
[2026-08-20T19:40:28+08:00] [ERROR] component=pretooluse-guard guard timed out after 5s | cwd=/private/var/folders/yl/qz0xdxvs36s_jr46sp_l9skh0000gn/T/pytest-of-busiji/pytest-2033/popen-gw3/test_gateway_timeout_non_prote0
[2026-08-20T19:40:28+08:00] [ERROR] component=pretooluse-guard guard timed out after 5s | cwd=/private/var/folders/yl/qz0xdxvs36s_jr46sp_l9skh0000gn/T/pytest-of-busiji/pytest-2033/popen-gw3/test_gateway_timeout_protected0
[2026-08-20T19:40:29+08:00] [ERROR] component=pretooluse-guard guard execution failed | error="guard crashed"
[2026-08-20T19:40:29+08:00] [ERROR] component=pretooluse-guard guard timed out after 5s | cwd=/private/var/folders/yl/qz0xdxvs36s_jr46sp_l9skh0000gn/T/pytest-of-busiji/pytest-2033/popen-gw3/test_gateway_handles_json_arra0
[2026-08-20T19:40:35+08:00] [ERROR] component=test_component test message | key=value
[2026-08-20T19:40:35+08:00] [ERROR] component=test_component test message | key=value
[2026-08-20T19:42:54+08:00] [ERROR] component=pretooluse-guard guard timed out after 5s | cwd=/private/var/folders/yl/qz0xdxvs36s_jr46sp_l9skh0000gn/T/pytest-of-busiji/pytest-2035/popen-gw0/test_gateway_timeout_protected0
[2026-08-20T19:42:54+08:00] [ERROR] component=pretooluse-guard guard timed out after 5s | cwd=/private/var/folders/yl/qz0xdxvs36s_jr46sp_l9skh0000gn/T/pytest-of-busiji/pytest-2035/popen-gw0/test_gateway_timeout_non_prote0
[2026-08-20T19:42:54+08:00] [ERROR] component=pretooluse-guard guard execution failed | error="Guard crashed"
[2026-08-20T19:42:54+08:00] [ERROR] component=pretooluse-guard guard execution failed | error="Guard crashed"
[2026-08-20T19:42:59+08:00] [ERROR] component=memory-hook-gateway delegate preflight failed | cwd=/private/var/folders/yl/qz0xdxvs36s_jr46sp_l9skh0000gn/T/pytest-of-busiji/pytest-2035/popen-gw4/test_degraded_package_on_prefl0 error="preflight failed" event=session-start host=codex
[2026-08-20T19:43:20+08:00] [ERROR] component=test_component test message | key=value
[2026-08-20T19:43:20+08:00] [ERROR] component=test_component test message | key=value
[2026-08-20T19:43:48+08:00] [ERROR] component=pretooluse-guard guard timed out after 5s | cwd=/private/var/folders/yl/qz0xdxvs36s_jr46sp_l9skh0000gn/T/pytest-of-busiji/pytest-2035/popen-gw2/test_gateway_timeout_non_prote0
[2026-08-20T19:43:48+08:00] [ERROR] component=pretooluse-guard guard timed out after 5s | cwd=/private/var/folders/yl/qz0xdxvs36s_jr46sp_l9skh0000gn/T/pytest-of-busiji/pytest-2035/popen-gw2/test_gateway_timeout_protected0
[2026-08-20T19:43:48+08:00] [ERROR] component=pretooluse-guard guard execution failed | error="guard crashed"
[2026-08-20T19:43:48+08:00] [ERROR] component=pretooluse-guard guard timed out after 5s | cwd=/private/var/folders/yl/qz0xdxvs36s_jr46sp_l9skh0000gn/T/pytest-of-busiji/pytest-2035/popen-gw2/test_gateway_handles_json_arra0
[2026-08-20T19:43:48+08:00] [ERROR] component=pretooluse-guard guard timed out after 5s | cwd=/private/var/folders/yl/qz0xdxvs36s_jr46sp_l9skh0000gn/T/pytest-of-busiji/pytest-2035/popen-gw2/test_gateway_fail_closed_redac0
[2026-08-20T19:43:48+08:00] [ERROR] component=pretooluse-guard guard execution failed | error="guard crashed"
[2026-08-20T19:43:48+08:00] [ERROR] component=pretooluse-guard guard timed out after 5s | cwd=/private/var/folders/yl/qz0xdxvs36s_jr46sp_l9skh0000gn/T/pytest-of-busiji/pytest-2035/popen-gw2/test_gateway_fail_closed_write1
[2026-08-20T19:43:58+08:00] [ERROR] component=health-check Project health degraded (from previous check) | status=degraded validation_errors="[\"error1\", \"error2\", \"error3\"]"
[2026-08-20T19:43:58+08:00] [ERROR] component=health-check Project health degraded (from previous check) | status=degraded validation_errors="[\"error_0\", \"error_1\", \"error_2\", \"error_3\", \"error_4\", \"error_5\", \"error_6\", \"error_7\", \"error_8\", \"error_9\"]"
[2026-08-20T19:46:34+08:00] [ERROR] component=pretooluse-guard guard timed out after 5s | cwd=/private/var/folders/yl/qz0xdxvs36s_jr46sp_l9skh0000gn/T/pytest-of-busiji/pytest-2037/popen-gw0/test_gateway_fail_closed_redac0
[2026-08-20T19:46:34+08:00] [ERROR] component=pretooluse-guard guard timed out after 5s | cwd=/private/var/folders/yl/qz0xdxvs36s_jr46sp_l9skh0000gn/T/pytest-of-busiji/pytest-2037/popen-gw0/test_gateway_fail_closed_write0
[2026-08-20T19:46:34+08:00] [ERROR] component=pretooluse-guard guard execution failed | error="guard crashed"
[2026-08-20T19:46:34+08:00] [ERROR] component=pretooluse-guard guard timed out after 5s | cwd=/private/var/folders/yl/qz0xdxvs36s_jr46sp_l9skh0000gn/T/pytest-of-busiji/pytest-2037/popen-gw0/test_gateway_handles_json_arra0
[2026-08-20T19:46:34+08:00] [ERROR] component=pretooluse-guard guard execution failed | error="guard crashed"
[2026-08-20T19:46:34+08:00] [ERROR] component=pretooluse-guard guard timed out after 5s | cwd=/private/var/folders/yl/qz0xdxvs36s_jr46sp_l9skh0000gn/T/pytest-of-busiji/pytest-2037/popen-gw0/test_gateway_timeout_protected0
[2026-08-20T19:46:34+08:00] [ERROR] component=pretooluse-guard guard timed out after 5s | cwd=/private/var/folders/yl/qz0xdxvs36s_jr46sp_l9skh0000gn/T/pytest-of-busiji/pytest-2037/popen-gw0/test_gateway_timeout_non_prote0
[2026-08-20T19:46:59+08:00] [ERROR] component=health-check Project health degraded (from previous check) | status=degraded validation_errors="[\"error1\", \"error2\", \"error3\"]"
[2026-08-20T19:46:59+08:00] [ERROR] component=health-check Project health degraded (from previous check) | status=degraded validation_errors="[\"error_0\", \"error_1\", \"error_2\", \"error_3\", \"error_4\", \"error_5\", \"error_6\", \"error_7\", \"error_8\", \"error_9\"]"
[2026-08-20T19:47:02+08:00] [ERROR] component=test_component test message | key=value
[2026-08-20T19:47:02+08:00] [ERROR] component=test_component test message | key=value
[2026-08-20T19:47:17+08:00] [ERROR] component=pretooluse-guard guard timed out after 5s | cwd=/private/var/folders/yl/qz0xdxvs36s_jr46sp_l9skh0000gn/T/pytest-of-busiji/pytest-2037/popen-gw3/test_gateway_timeout_protected0
[2026-08-20T19:47:17+08:00] [ERROR] component=pretooluse-guard guard execution failed | error="Guard crashed"
[2026-08-20T19:47:17+08:00] [ERROR] component=pretooluse-guard guard execution failed | error="Guard crashed"
[2026-08-20T19:47:17+08:00] [ERROR] component=pretooluse-guard guard timed out after 5s | cwd=/private/var/folders/yl/qz0xdxvs36s_jr46sp_l9skh0000gn/T/pytest-of-busiji/pytest-2037/popen-gw3/test_gateway_timeout_non_prote0
[2026-08-20T19:47:22+08:00] [ERROR] component=memory-hook-gateway delegate preflight failed | cwd=/private/var/folders/yl/qz0xdxvs36s_jr46sp_l9skh0000gn/T/pytest-of-busiji/pytest-2037/popen-gw1/test_degraded_package_on_prefl0 error="preflight failed" event=session-start host=codex
[2026-08-20T19:50:06+08:00] [ERROR] component=pretooluse-guard guard timed out after 5s | cwd=/private/var/folders/yl/qz0xdxvs36s_jr46sp_l9skh0000gn/T/pytest-of-busiji/pytest-2039/popen-gw5/test_gateway_handles_json_arra0
[2026-08-20T19:50:06+08:00] [ERROR] component=pretooluse-guard guard timed out after 5s | cwd=/private/var/folders/yl/qz0xdxvs36s_jr46sp_l9skh0000gn/T/pytest-of-busiji/pytest-2039/popen-gw1/test_gateway_fail_closed_redac0
[2026-08-20T19:50:06+08:00] [ERROR] component=pretooluse-guard guard timed out after 5s | cwd=/private/var/folders/yl/qz0xdxvs36s_jr46sp_l9skh0000gn/T/pytest-of-busiji/pytest-2039/popen-gw1/test_gateway_timeout_protected0
[2026-08-20T19:50:06+08:00] [ERROR] component=pretooluse-guard guard execution failed | error="guard crashed"
[2026-08-20T19:50:06+08:00] [ERROR] component=pretooluse-guard guard timed out after 5s | cwd=/private/var/folders/yl/qz0xdxvs36s_jr46sp_l9skh0000gn/T/pytest-of-busiji/pytest-2039/popen-gw1/test_gateway_timeout_non_prote0
[2026-08-20T19:50:07+08:00] [ERROR] component=pretooluse-guard guard execution failed | error="guard crashed"
[2026-08-20T19:50:07+08:00] [ERROR] component=pretooluse-guard guard timed out after 5s | cwd=/private/var/folders/yl/qz0xdxvs36s_jr46sp_l9skh0000gn/T/pytest-of-busiji/pytest-2039/popen-gw1/test_gateway_fail_closed_write1
[2026-08-20T19:50:37+08:00] [ERROR] component=memory-hook-gateway delegate preflight failed | cwd=/private/var/folders/yl/qz0xdxvs36s_jr46sp_l9skh0000gn/T/pytest-of-busiji/pytest-2039/popen-gw0/test_degraded_package_on_prefl0 error="preflight failed" event=session-start host=codex
[2026-08-20T19:50:43+08:00] [ERROR] component=health-check Project health degraded (from previous check) | status=degraded validation_errors="[\"error1\", \"error2\", \"error3\"]"
[2026-08-20T19:50:43+08:00] [ERROR] component=health-check Project health degraded (from previous check) | status=degraded validation_errors="[\"error_0\", \"error_1\", \"error_2\", \"error_3\", \"error_4\", \"error_5\", \"error_6\", \"error_7\", \"error_8\", \"error_9\"]"
[2026-08-20T19:50:58+08:00] [ERROR] component=test_component test message | key=value
[2026-08-20T19:50:58+08:00] [ERROR] component=test_component test message | key=value
[2026-08-20T19:51:01+08:00] [ERROR] component=pretooluse-guard guard execution failed | error="Guard crashed"
[2026-08-20T19:51:01+08:00] [ERROR] component=pretooluse-guard guard timed out after 5s | cwd=/private/var/folders/yl/qz0xdxvs36s_jr46sp_l9skh0000gn/T/pytest-of-busiji/pytest-2039/popen-gw5/test_gateway_timeout_protected0
[2026-08-20T19:51:01+08:00] [ERROR] component=pretooluse-guard guard timed out after 5s | cwd=/private/var/folders/yl/qz0xdxvs36s_jr46sp_l9skh0000gn/T/pytest-of-busiji/pytest-2039/popen-gw5/test_gateway_timeout_non_prote0
[2026-08-20T19:51:01+08:00] [ERROR] component=pretooluse-guard guard execution failed | error="Guard crashed"
[2026-08-20T19:54:40+08:00] [ERROR] component=pretooluse-guard guard timed out after 5s | cwd=/private/var/folders/yl/qz0xdxvs36s_jr46sp_l9skh0000gn/T/pytest-of-busiji/pytest-2047/popen-gw4/test_gateway_timeout_protected0
[2026-08-20T19:54:40+08:00] [ERROR] component=pretooluse-guard guard execution failed | error="Guard crashed"
[2026-08-20T19:54:40+08:00] [ERROR] component=pretooluse-guard guard execution failed | error="Guard crashed"
[2026-08-20T19:54:40+08:00] [ERROR] component=pretooluse-guard guard timed out after 5s | cwd=/private/var/folders/yl/qz0xdxvs36s_jr46sp_l9skh0000gn/T/pytest-of-busiji/pytest-2047/popen-gw4/test_gateway_timeout_non_prote0
[2026-08-20T19:54:59+08:00] [ERROR] component=pretooluse-guard guard timed out after 5s | cwd=/private/var/folders/yl/qz0xdxvs36s_jr46sp_l9skh0000gn/T/pytest-of-busiji/pytest-2047/popen-gw0/test_gateway_handles_json_arra0
[2026-08-20T19:54:59+08:00] [ERROR] component=pretooluse-guard guard timed out after 5s | cwd=/private/var/folders/yl/qz0xdxvs36s_jr46sp_l9skh0000gn/T/pytest-of-busiji/pytest-2047/popen-gw0/test_gateway_timeout_protected0
[2026-08-20T19:54:59+08:00] [ERROR] component=pretooluse-guard guard timed out after 5s | cwd=/private/var/folders/yl/qz0xdxvs36s_jr46sp_l9skh0000gn/T/pytest-of-busiji/pytest-2047/popen-gw0/test_gateway_timeout_non_prote0
[2026-08-20T19:54:59+08:00] [ERROR] component=pretooluse-guard guard execution failed | error="guard crashed"
[2026-08-20T19:54:59+08:00] [ERROR] component=pretooluse-guard guard timed out after 5s | cwd=/private/var/folders/yl/qz0xdxvs36s_jr46sp_l9skh0000gn/T/pytest-of-busiji/pytest-2047/popen-gw0/test_gateway_fail_closed_redac0
[2026-08-20T19:55:00+08:00] [ERROR] component=pretooluse-guard guard timed out after 5s | cwd=/private/var/folders/yl/qz0xdxvs36s_jr46sp_l9skh0000gn/T/pytest-of-busiji/pytest-2047/popen-gw0/test_gateway_fail_closed_write0
[2026-08-20T19:55:00+08:00] [ERROR] component=pretooluse-guard guard execution failed | error="guard crashed"
[2026-08-20T19:55:34+08:00] [ERROR] component=health-check Project health degraded (from previous check) | status=degraded validation_errors="[\"error_0\", \"error_1\", \"error_2\", \"error_3\", \"error_4\", \"error_5\", \"error_6\", \"error_7\", \"error_8\", \"error_9\"]"
[2026-08-20T19:55:34+08:00] [ERROR] component=health-check Project health degraded (from previous check) | status=degraded validation_errors="[\"error1\", \"error2\", \"error3\"]"
[2026-08-20T19:55:37+08:00] [ERROR] component=test_component test message | key=value
[2026-08-20T19:55:38+08:00] [ERROR] component=test_component test message | key=value
[2026-08-20T19:55:41+08:00] [ERROR] component=memory-hook-gateway delegate preflight failed | cwd=/private/var/folders/yl/qz0xdxvs36s_jr46sp_l9skh0000gn/T/pytest-of-busiji/pytest-2047/popen-gw1/test_degraded_package_on_prefl0 error="preflight failed" event=session-start host=codex
[2026-08-20T19:58:55+08:00] [ERROR] component=memory-hook-gateway delegate preflight failed | cwd=/private/var/folders/yl/qz0xdxvs36s_jr46sp_l9skh0000gn/T/pytest-of-busiji/pytest-2049/popen-gw1/test_degraded_package_on_prefl0 error="preflight failed" event=session-start host=codex
[2026-08-20T19:59:01+08:00] [ERROR] component=pretooluse-guard guard execution failed | error="Guard crashed"
[2026-08-20T19:59:01+08:00] [ERROR] component=pretooluse-guard guard execution failed | error="Guard crashed"
[2026-08-20T19:59:01+08:00] [ERROR] component=pretooluse-guard guard timed out after 5s | cwd=/private/var/folders/yl/qz0xdxvs36s_jr46sp_l9skh0000gn/T/pytest-of-busiji/pytest-2049/popen-gw1/test_gateway_timeout_protected0
[2026-08-20T19:59:01+08:00] [ERROR] component=pretooluse-guard guard timed out after 5s | cwd=/private/var/folders/yl/qz0xdxvs36s_jr46sp_l9skh0000gn/T/pytest-of-busiji/pytest-2049/popen-gw1/test_gateway_timeout_non_prote0
[2026-08-20T19:59:07+08:00] [ERROR] component=test_component test message | key=value
[2026-08-20T19:59:09+08:00] [ERROR] component=test_component test message | key=value
[2026-08-20T19:59:24+08:00] [ERROR] component=pretooluse-guard guard timed out after 5s | cwd=/private/var/folders/yl/qz0xdxvs36s_jr46sp_l9skh0000gn/T/pytest-of-busiji/pytest-2049/popen-gw4/test_gateway_timeout_non_prote0
[2026-08-20T19:59:24+08:00] [ERROR] component=pretooluse-guard guard execution failed | error="guard crashed"
[2026-08-20T19:59:24+08:00] [ERROR] component=pretooluse-guard guard timed out after 5s | cwd=/private/var/folders/yl/qz0xdxvs36s_jr46sp_l9skh0000gn/T/pytest-of-busiji/pytest-2049/popen-gw4/test_gateway_timeout_protected0
[2026-08-20T19:59:24+08:00] [ERROR] component=pretooluse-guard guard timed out after 5s | cwd=/private/var/folders/yl/qz0xdxvs36s_jr46sp_l9skh0000gn/T/pytest-of-busiji/pytest-2049/popen-gw4/test_gateway_handles_json_arra0
[2026-08-20T19:59:24+08:00] [ERROR] component=pretooluse-guard guard timed out after 5s | cwd=/private/var/folders/yl/qz0xdxvs36s_jr46sp_l9skh0000gn/T/pytest-of-busiji/pytest-2049/popen-gw4/test_gateway_fail_closed_redac0
[2026-08-20T19:59:24+08:00] [ERROR] component=pretooluse-guard guard timed out after 5s | cwd=/private/var/folders/yl/qz0xdxvs36s_jr46sp_l9skh0000gn/T/pytest-of-busiji/pytest-2049/popen-gw4/test_gateway_fail_closed_write0
[2026-08-20T19:59:24+08:00] [ERROR] component=pretooluse-guard guard execution failed | error="guard crashed"
[2026-08-20T19:59:47+08:00] [ERROR] component=health-check Project health degraded (from previous check) | status=degraded validation_errors="[\"error1\", \"error2\", \"error3\"]"
[2026-08-20T19:59:47+08:00] [ERROR] component=health-check Project health degraded (from previous check) | status=degraded validation_errors="[\"error_0\", \"error_1\", \"error_2\", \"error_3\", \"error_4\", \"error_5\", \"error_6\", \"error_7\", \"error_8\", \"error_9\"]"
[2026-08-20T20:09:12+08:00] [ERROR] component=test_component test message | key=value
[2026-08-20T20:09:13+08:00] [ERROR] component=test_component test message | key=value
[2026-08-20T20:09:33+08:00] [ERROR] component=memory-hook-gateway delegate preflight failed | cwd=/private/var/folders/yl/qz0xdxvs36s_jr46sp_l9skh0000gn/T/pytest-of-busiji/pytest-2051/test_degraded_package_on_prefl0 error="preflight failed" event=session-start host=codex
[2026-08-20T20:10:25+08:00] [ERROR] component=pretooluse-guard guard timed out after 5s | cwd=/private/var/folders/yl/qz0xdxvs36s_jr46sp_l9skh0000gn/T/pytest-of-busiji/pytest-2051/test_gateway_timeout_protected0
[2026-08-20T20:10:25+08:00] [ERROR] component=pretooluse-guard guard timed out after 5s | cwd=/private/var/folders/yl/qz0xdxvs36s_jr46sp_l9skh0000gn/T/pytest-of-busiji/pytest-2051/test_gateway_timeout_non_prote0
[2026-08-20T20:10:25+08:00] [ERROR] component=pretooluse-guard guard execution failed | error="guard crashed"
[2026-08-20T20:10:25+08:00] [ERROR] component=pretooluse-guard guard timed out after 5s | cwd=/private/var/folders/yl/qz0xdxvs36s_jr46sp_l9skh0000gn/T/pytest-of-busiji/pytest-2051/test_gateway_fail_closed_write0
[2026-08-20T20:10:25+08:00] [ERROR] component=pretooluse-guard guard execution failed | error="guard crashed"
[2026-08-20T20:10:25+08:00] [ERROR] component=pretooluse-guard guard timed out after 5s | cwd=/private/var/folders/yl/qz0xdxvs36s_jr46sp_l9skh0000gn/T/pytest-of-busiji/pytest-2051/test_gateway_handles_json_arra0
[2026-08-20T20:10:25+08:00] [ERROR] component=pretooluse-guard guard timed out after 5s | cwd=/private/var/folders/yl/qz0xdxvs36s_jr46sp_l9skh0000gn/T/pytest-of-busiji/pytest-2051/test_gateway_fail_closed_redac0
[2026-08-20T20:17:47+08:00] [ERROR] component=pretooluse-guard guard execution failed | error="guard crashed"
[2026-08-20T20:17:47+08:00] [ERROR] component=pretooluse-guard guard timed out after 5s | cwd=/private/var/folders/yl/qz0xdxvs36s_jr46sp_l9skh0000gn/T/pytest-of-busiji/pytest-2053/popen-gw3/test_gateway_timeout_non_prote0
[2026-08-20T20:17:47+08:00] [ERROR] component=pretooluse-guard guard timed out after 5s | cwd=/private/var/folders/yl/qz0xdxvs36s_jr46sp_l9skh0000gn/T/pytest-of-busiji/pytest-2053/popen-gw3/test_gateway_timeout_protected0
[2026-08-20T20:17:47+08:00] [ERROR] component=pretooluse-guard guard timed out after 5s | cwd=/private/var/folders/yl/qz0xdxvs36s_jr46sp_l9skh0000gn/T/pytest-of-busiji/pytest-2053/popen-gw3/test_gateway_fail_closed_redac0
[2026-08-20T20:17:47+08:00] [ERROR] component=pretooluse-guard guard timed out after 5s | cwd=/private/var/folders/yl/qz0xdxvs36s_jr46sp_l9skh0000gn/T/pytest-of-busiji/pytest-2053/popen-gw3/test_gateway_handles_json_arra0
[2026-08-20T20:17:47+08:00] [ERROR] component=pretooluse-guard guard timed out after 5s | cwd=/private/var/folders/yl/qz0xdxvs36s_jr46sp_l9skh0000gn/T/pytest-of-busiji/pytest-2053/popen-gw3/test_gateway_fail_closed_write0
[2026-08-20T20:17:47+08:00] [ERROR] component=pretooluse-guard guard execution failed | error="guard crashed"
[2026-08-20T20:17:49+08:00] [ERROR] component=health-check Project health degraded (from previous check) | status=degraded validation_errors="[\"error1\", \"error2\", \"error3\"]"
[2026-08-20T20:17:49+08:00] [ERROR] component=health-check Project health degraded (from previous check) | status=degraded validation_errors="[\"error_0\", \"error_1\", \"error_2\", \"error_3\", \"error_4\", \"error_5\", \"error_6\", \"error_7\", \"error_8\", \"error_9\"]"
[2026-08-20T20:17:50+08:00] [ERROR] component=test_component test message | key=value
[2026-08-20T20:17:52+08:00] [ERROR] component=test_component test message | key=value
[2026-08-20T20:17:54+08:00] [ERROR] component=pretooluse-guard guard execution failed | error="Guard crashed"
[2026-08-20T20:17:54+08:00] [ERROR] component=pretooluse-guard guard timed out after 5s | cwd=/private/var/folders/yl/qz0xdxvs36s_jr46sp_l9skh0000gn/T/pytest-of-busiji/pytest-2053/popen-gw4/test_gateway_timeout_protected0
[2026-08-20T20:17:54+08:00] [ERROR] component=pretooluse-guard guard execution failed | error="Guard crashed"
[2026-08-20T20:17:54+08:00] [ERROR] component=pretooluse-guard guard timed out after 5s | cwd=/private/var/folders/yl/qz0xdxvs36s_jr46sp_l9skh0000gn/T/pytest-of-busiji/pytest-2053/popen-gw4/test_gateway_timeout_non_prote0
[2026-08-20T20:18:23+08:00] [ERROR] component=memory-hook-gateway delegate preflight failed | cwd=/private/var/folders/yl/qz0xdxvs36s_jr46sp_l9skh0000gn/T/pytest-of-busiji/pytest-2053/popen-gw1/test_degraded_package_on_prefl0 error="preflight failed" event=session-start host=codex
[2026-08-20T20:31:50+08:00] [ERROR] component=pretooluse-guard guard execution failed | error="Guard crashed"
[2026-08-20T20:31:50+08:00] [ERROR] component=pretooluse-guard guard timed out after 5s | cwd=/private/var/folders/yl/qz0xdxvs36s_jr46sp_l9skh0000gn/T/pytest-of-busiji/pytest-2058/popen-gw3/test_gateway_timeout_non_prote0
[2026-08-20T20:31:50+08:00] [ERROR] component=pretooluse-guard guard timed out after 5s | cwd=/private/var/folders/yl/qz0xdxvs36s_jr46sp_l9skh0000gn/T/pytest-of-busiji/pytest-2058/popen-gw3/test_gateway_timeout_protected0
[2026-08-20T20:31:50+08:00] [ERROR] component=pretooluse-guard guard execution failed | error="Guard crashed"
[2026-08-20T20:31:59+08:00] [ERROR] component=test_component test message | key=value
[2026-08-20T20:31:59+08:00] [ERROR] component=test_component test message | key=value
[2026-08-20T20:32:01+08:00] [ERROR] component=memory-hook-gateway delegate preflight failed | cwd=/private/var/folders/yl/qz0xdxvs36s_jr46sp_l9skh0000gn/T/pytest-of-busiji/pytest-2058/popen-gw4/test_degraded_package_on_prefl0 error="preflight failed" event=session-start host=codex
[2026-08-20T20:32:01+08:00] [ERROR] component=health-check Project health degraded (from previous check) | status=degraded validation_errors="[\"error1\", \"error2\", \"error3\"]"
[2026-08-20T20:32:01+08:00] [ERROR] component=health-check Project health degraded (from previous check) | status=degraded validation_errors="[\"error_0\", \"error_1\", \"error_2\", \"error_3\", \"error_4\", \"error_5\", \"error_6\", \"error_7\", \"error_8\", \"error_9\"]"
[2026-08-20T20:32:34+08:00] [ERROR] component=pretooluse-guard guard timed out after 5s | cwd=/private/var/folders/yl/qz0xdxvs36s_jr46sp_l9skh0000gn/T/pytest-of-busiji/pytest-2058/popen-gw0/test_gateway_timeout_non_prote0
[2026-08-20T20:32:34+08:00] [ERROR] component=pretooluse-guard guard execution failed | error="guard crashed"
[2026-08-20T20:32:34+08:00] [ERROR] component=pretooluse-guard guard timed out after 5s | cwd=/private/var/folders/yl/qz0xdxvs36s_jr46sp_l9skh0000gn/T/pytest-of-busiji/pytest-2058/popen-gw0/test_gateway_timeout_protected0
[2026-08-20T20:32:34+08:00] [ERROR] component=pretooluse-guard guard timed out after 5s | cwd=/private/var/folders/yl/qz0xdxvs36s_jr46sp_l9skh0000gn/T/pytest-of-busiji/pytest-2058/popen-gw0/test_gateway_fail_closed_write0
[2026-08-20T20:32:34+08:00] [ERROR] component=pretooluse-guard guard execution failed | error="guard crashed"
[2026-08-20T20:32:34+08:00] [ERROR] component=pretooluse-guard guard timed out after 5s | cwd=/private/var/folders/yl/qz0xdxvs36s_jr46sp_l9skh0000gn/T/pytest-of-busiji/pytest-2058/popen-gw0/test_gateway_handles_json_arra0
[2026-08-20T20:32:34+08:00] [ERROR] component=pretooluse-guard guard timed out after 5s | cwd=/private/var/folders/yl/qz0xdxvs36s_jr46sp_l9skh0000gn/T/pytest-of-busiji/pytest-2058/popen-gw0/test_gateway_fail_closed_redac0
[2026-08-20T20:32:49+08:00] [ERROR] component=test_component test message | key=value
[2026-08-20T20:32:50+08:00] [ERROR] component=health-check Project health degraded (from previous check) | status=degraded validation_errors="[\"error1\", \"error2\", \"error3\"]"
[2026-08-20T20:32:50+08:00] [ERROR] component=health-check Project health degraded (from previous check) | status=degraded validation_errors="[\"error_0\", \"error_1\", \"error_2\", \"error_3\", \"error_4\", \"error_5\", \"error_6\", \"error_7\", \"error_8\", \"error_9\"]"
[2026-08-20T20:32:55+08:00] [ERROR] component=memory-hook-gateway delegate preflight failed | cwd=/private/var/folders/yl/qz0xdxvs36s_jr46sp_l9skh0000gn/T/pytest-of-busiji/pytest-2060/popen-gw5/test_degraded_package_on_prefl0 error="preflight failed" event=session-start host=codex
[2026-08-20T20:33:19+08:00] [ERROR] component=test_component test message | key=value
[2026-08-20T20:33:22+08:00] [ERROR] component=pretooluse-guard guard timed out after 5s | cwd=/private/var/folders/yl/qz0xdxvs36s_jr46sp_l9skh0000gn/T/pytest-of-busiji/pytest-2060/popen-gw2/test_gateway_fail_closed_write0
[2026-08-20T20:33:22+08:00] [ERROR] component=pretooluse-guard guard execution failed | error="guard crashed"
[2026-08-20T20:33:22+08:00] [ERROR] component=pretooluse-guard guard timed out after 5s | cwd=/private/var/folders/yl/qz0xdxvs36s_jr46sp_l9skh0000gn/T/pytest-of-busiji/pytest-2060/popen-gw2/test_gateway_timeout_protected0
[2026-08-20T20:33:22+08:00] [ERROR] component=pretooluse-guard guard timed out after 5s | cwd=/private/var/folders/yl/qz0xdxvs36s_jr46sp_l9skh0000gn/T/pytest-of-busiji/pytest-2060/popen-gw2/test_gateway_timeout_non_prote0
[2026-08-20T20:33:22+08:00] [ERROR] component=pretooluse-guard guard execution failed | error="guard crashed"
[2026-08-20T20:33:22+08:00] [ERROR] component=pretooluse-guard guard timed out after 5s | cwd=/private/var/folders/yl/qz0xdxvs36s_jr46sp_l9skh0000gn/T/pytest-of-busiji/pytest-2060/popen-gw2/test_gateway_fail_closed_redac0
[2026-08-20T20:33:22+08:00] [ERROR] component=pretooluse-guard guard timed out after 5s | cwd=/private/var/folders/yl/qz0xdxvs36s_jr46sp_l9skh0000gn/T/pytest-of-busiji/pytest-2060/popen-gw2/test_gateway_handles_json_arra0
[2026-08-20T20:33:44+08:00] [ERROR] component=pretooluse-guard guard execution failed | error="Guard crashed"
[2026-08-20T20:33:44+08:00] [ERROR] component=pretooluse-guard guard timed out after 5s | cwd=/private/var/folders/yl/qz0xdxvs36s_jr46sp_l9skh0000gn/T/pytest-of-busiji/pytest-2060/popen-gw3/test_gateway_timeout_non_prote0
[2026-08-20T20:33:44+08:00] [ERROR] component=pretooluse-guard guard execution failed | error="Guard crashed"
[2026-08-20T20:33:44+08:00] [ERROR] component=pretooluse-guard guard timed out after 5s | cwd=/private/var/folders/yl/qz0xdxvs36s_jr46sp_l9skh0000gn/T/pytest-of-busiji/pytest-2060/popen-gw3/test_gateway_timeout_protected0
[2026-08-20T20:52:38+08:00] [ERROR] component=health-check Project health degraded (from previous check) | status=degraded validation_errors="[\"error1\", \"error2\", \"error3\"]"
[2026-08-20T20:52:38+08:00] [ERROR] component=health-check Project health degraded (from previous check) | status=degraded validation_errors="[\"error_0\", \"error_1\", \"error_2\", \"error_3\", \"error_4\", \"error_5\", \"error_6\", \"error_7\", \"error_8\", \"error_9\"]"
[2026-08-20T20:52:54+08:00] [ERROR] component=pretooluse-guard guard timed out after 5s | cwd=/private/var/folders/yl/qz0xdxvs36s_jr46sp_l9skh0000gn/T/pytest-of-busiji/pytest-2063/popen-gw4/test_gateway_timeout_protected0
[2026-08-20T20:52:54+08:00] [ERROR] component=pretooluse-guard guard timed out after 5s | cwd=/private/var/folders/yl/qz0xdxvs36s_jr46sp_l9skh0000gn/T/pytest-of-busiji/pytest-2063/popen-gw4/test_gateway_timeout_non_prote0
[2026-08-20T20:52:54+08:00] [ERROR] component=pretooluse-guard guard execution failed | error="Guard crashed"
[2026-08-20T20:52:54+08:00] [ERROR] component=pretooluse-guard guard execution failed | error="Guard crashed"
[2026-08-20T20:53:04+08:00] [ERROR] component=pretooluse-guard guard timed out after 5s | cwd=/private/var/folders/yl/qz0xdxvs36s_jr46sp_l9skh0000gn/T/pytest-of-busiji/pytest-2063/popen-gw4/test_gateway_fail_closed_redac0
[2026-08-20T20:53:04+08:00] [ERROR] component=pretooluse-guard guard timed out after 5s | cwd=/private/var/folders/yl/qz0xdxvs36s_jr46sp_l9skh0000gn/T/pytest-of-busiji/pytest-2063/popen-gw4/test_gateway_handles_json_arra0
[2026-08-20T20:53:04+08:00] [ERROR] component=pretooluse-guard guard execution failed | error="guard crashed"
[2026-08-20T20:53:04+08:00] [ERROR] component=pretooluse-guard guard timed out after 5s | cwd=/private/var/folders/yl/qz0xdxvs36s_jr46sp_l9skh0000gn/T/pytest-of-busiji/pytest-2063/popen-gw4/test_gateway_timeout_protected1
[2026-08-20T20:53:04+08:00] [ERROR] component=pretooluse-guard guard timed out after 5s | cwd=/private/var/folders/yl/qz0xdxvs36s_jr46sp_l9skh0000gn/T/pytest-of-busiji/pytest-2063/popen-gw4/test_gateway_timeout_non_prote1
[2026-08-20T20:53:04+08:00] [ERROR] component=pretooluse-guard guard timed out after 5s | cwd=/private/var/folders/yl/qz0xdxvs36s_jr46sp_l9skh0000gn/T/pytest-of-busiji/pytest-2063/popen-gw4/test_gateway_fail_closed_write0
[2026-08-20T20:53:04+08:00] [ERROR] component=pretooluse-guard guard execution failed | error="guard crashed"
[2026-08-20T20:53:08+08:00] [ERROR] component=test_component test message | key=value
[2026-08-20T20:53:09+08:00] [ERROR] component=test_component test message | key=value
[2026-08-20T20:53:09+08:00] [ERROR] component=memory-hook-gateway delegate preflight failed | cwd=/private/var/folders/yl/qz0xdxvs36s_jr46sp_l9skh0000gn/T/pytest-of-busiji/pytest-2063/popen-gw3/test_degraded_package_on_prefl0 error="preflight failed" event=session-start host=codex
[2026-08-21T01:17:00+08:00] [ERROR] component=health-check Project health degraded (from previous check) | status=degraded validation_errors="[\"error_0\", \"error_1\", \"error_2\", \"error_3\", \"error_4\", \"error_5\", \"error_6\", \"error_7\", \"error_8\", \"error_9\"]"
[2026-08-21T01:17:00+08:00] [ERROR] component=health-check Project health degraded (from previous check) | status=degraded validation_errors="[\"error1\", \"error2\", \"error3\"]"
[2026-08-21T01:17:03+08:00] [ERROR] component=memory-hook-gateway delegate preflight failed | cwd=/private/var/folders/yl/qz0xdxvs36s_jr46sp_l9skh0000gn/T/pytest-of-busiji/pytest-5/popen-gw3/test_degraded_package_on_prefl0 error="preflight failed" event=session-start host=codex
[2026-08-21T01:17:10+08:00] [ERROR] component=pretooluse-guard guard timed out after 5s | cwd=/private/var/folders/yl/qz0xdxvs36s_jr46sp_l9skh0000gn/T/pytest-of-busiji/pytest-5/popen-gw5/test_gateway_timeout_non_prote0
[2026-08-21T01:17:10+08:00] [ERROR] component=pretooluse-guard guard execution failed | error="Guard crashed"
[2026-08-21T01:17:10+08:00] [ERROR] component=pretooluse-guard guard execution failed | error="Guard crashed"
[2026-08-21T01:17:10+08:00] [ERROR] component=pretooluse-guard guard timed out after 5s | cwd=/private/var/folders/yl/qz0xdxvs36s_jr46sp_l9skh0000gn/T/pytest-of-busiji/pytest-5/popen-gw5/test_gateway_timeout_protected0
[2026-08-21T01:17:47+08:00] [ERROR] component=test_component test message | key=value
[2026-08-21T01:17:48+08:00] [ERROR] component=test_component test message | key=value
[2026-08-21T01:17:58+08:00] [ERROR] component=pretooluse-guard guard execution failed | error="guard crashed"
[2026-08-21T01:17:58+08:00] [ERROR] component=pretooluse-guard guard timed out after 5s | cwd=/private/var/folders/yl/qz0xdxvs36s_jr46sp_l9skh0000gn/T/pytest-of-busiji/pytest-5/popen-gw3/test_gateway_timeout_protected0
[2026-08-21T01:17:58+08:00] [ERROR] component=pretooluse-guard guard timed out after 5s | cwd=/private/var/folders/yl/qz0xdxvs36s_jr46sp_l9skh0000gn/T/pytest-of-busiji/pytest-5/popen-gw3/test_gateway_timeout_non_prote0
[2026-08-21T01:17:58+08:00] [ERROR] component=pretooluse-guard guard timed out after 5s | cwd=/private/var/folders/yl/qz0xdxvs36s_jr46sp_l9skh0000gn/T/pytest-of-busiji/pytest-5/popen-gw3/test_gateway_fail_closed_redac0
[2026-08-21T01:17:59+08:00] [ERROR] component=pretooluse-guard guard timed out after 5s | cwd=/private/var/folders/yl/qz0xdxvs36s_jr46sp_l9skh0000gn/T/pytest-of-busiji/pytest-5/popen-gw3/test_gateway_handles_json_arra0
[2026-08-21T01:17:59+08:00] [ERROR] component=pretooluse-guard guard execution failed | error="guard crashed"
[2026-08-21T01:17:59+08:00] [ERROR] component=pretooluse-guard guard timed out after 5s | cwd=/private/var/folders/yl/qz0xdxvs36s_jr46sp_l9skh0000gn/T/pytest-of-busiji/pytest-5/popen-gw3/test_gateway_fail_closed_write1
[2026-08-21T03:23:41+08:00] [ERROR] component=health-check Project health degraded (from previous check) | status=degraded validation_errors="[\"error1\", \"error2\", \"error3\"]"
[2026-08-21T03:23:41+08:00] [ERROR] component=health-check Project health degraded (from previous check) | status=degraded validation_errors="[\"error_0\", \"error_1\", \"error_2\", \"error_3\", \"error_4\", \"error_5\", \"error_6\", \"error_7\", \"error_8\", \"error_9\"]"
[2026-08-21T03:23:43+08:00] [ERROR] component=test_component test message | key=value
[2026-08-21T03:23:52+08:00] [ERROR] component=memory-hook-gateway delegate preflight failed | cwd=/private/var/folders/yl/qz0xdxvs36s_jr46sp_l9skh0000gn/T/pytest-of-busiji/pytest-36/popen-gw2/test_degraded_package_on_prefl0 error="preflight failed" event=session-start host=codex
[2026-08-21T03:23:59+08:00] [ERROR] component=test_component test message | key=value
[2026-08-21T03:24:13+08:00] [ERROR] component=pretooluse-guard guard execution failed | error="Guard crashed"
[2026-08-21T03:24:13+08:00] [ERROR] component=pretooluse-guard guard execution failed | error="Guard crashed"
[2026-08-21T03:24:13+08:00] [ERROR] component=pretooluse-guard guard timed out after 5s | cwd=/private/var/folders/yl/qz0xdxvs36s_jr46sp_l9skh0000gn/T/pytest-of-busiji/pytest-36/popen-gw1/test_gateway_timeout_protected0
[2026-08-21T03:24:13+08:00] [ERROR] component=pretooluse-guard guard timed out after 5s | cwd=/private/var/folders/yl/qz0xdxvs36s_jr46sp_l9skh0000gn/T/pytest-of-busiji/pytest-36/popen-gw1/test_gateway_timeout_non_prote0
[2026-08-21T04:50:02+08:00] [ERROR] component=test_component test message | key=value
[2026-08-21T04:50:05+08:00] [ERROR] component=test_component test message | key=value
[2026-08-21T04:50:13+08:00] [ERROR] component=memory-hook-gateway delegate preflight failed | cwd=/private/var/folders/yl/qz0xdxvs36s_jr46sp_l9skh0000gn/T/pytest-of-busiji/pytest-60/popen-gw1/test_degraded_package_on_prefl0 error="preflight failed" event=session-start host=codex
[2026-08-21T04:50:14+08:00] [ERROR] component=pretooluse-guard guard timed out after 5s | cwd=/private/var/folders/yl/qz0xdxvs36s_jr46sp_l9skh0000gn/T/pytest-of-busiji/pytest-60/popen-gw1/test_gateway_timeout_non_prote0
[2026-08-21T04:50:14+08:00] [ERROR] component=pretooluse-guard guard timed out after 5s | cwd=/private/var/folders/yl/qz0xdxvs36s_jr46sp_l9skh0000gn/T/pytest-of-busiji/pytest-60/popen-gw1/test_gateway_timeout_protected0
[2026-08-21T04:50:14+08:00] [ERROR] component=pretooluse-guard guard execution failed | error="guard crashed"
[2026-08-21T04:50:14+08:00] [ERROR] component=pretooluse-guard guard execution failed | error="guard crashed"
[2026-08-21T04:50:14+08:00] [ERROR] component=pretooluse-guard guard timed out after 5s | cwd=/private/var/folders/yl/qz0xdxvs36s_jr46sp_l9skh0000gn/T/pytest-of-busiji/pytest-60/popen-gw1/test_gateway_fail_closed_write1
[2026-08-21T04:50:14+08:00] [ERROR] component=pretooluse-guard guard timed out after 5s | cwd=/private/var/folders/yl/qz0xdxvs36s_jr46sp_l9skh0000gn/T/pytest-of-busiji/pytest-60/popen-gw1/test_gateway_fail_closed_redac0
[2026-08-21T04:50:14+08:00] [ERROR] component=pretooluse-guard guard timed out after 5s | cwd=/private/var/folders/yl/qz0xdxvs36s_jr46sp_l9skh0000gn/T/pytest-of-busiji/pytest-60/popen-gw1/test_gateway_handles_json_arra0
[2026-08-21T04:50:24+08:00] [ERROR] component=pretooluse-guard guard timed out after 5s | cwd=/private/var/folders/yl/qz0xdxvs36s_jr46sp_l9skh0000gn/T/pytest-of-busiji/pytest-60/popen-gw4/test_gateway_timeout_non_prote0
[2026-08-21T04:50:24+08:00] [ERROR] component=pretooluse-guard guard execution failed | error="Guard crashed"
[2026-08-21T04:50:24+08:00] [ERROR] component=pretooluse-guard guard execution failed | error="Guard crashed"
[2026-08-21T04:50:24+08:00] [ERROR] component=pretooluse-guard guard timed out after 5s | cwd=/private/var/folders/yl/qz0xdxvs36s_jr46sp_l9skh0000gn/T/pytest-of-busiji/pytest-60/popen-gw4/test_gateway_timeout_protected0
[2026-08-21T04:50:32+08:00] [ERROR] component=health-check Project health degraded (from previous check) | status=degraded validation_errors="[\"error1\", \"error2\", \"error3\"]"
[2026-08-21T04:50:32+08:00] [ERROR] component=health-check Project health degraded (from previous check) | status=degraded validation_errors="[\"error_0\", \"error_1\", \"error_2\", \"error_3\", \"error_4\", \"error_5\", \"error_6\", \"error_7\", \"error_8\", \"error_9\"]"
[2026-08-21T04:53:45+08:00] [ERROR] component=pretooluse-guard guard timed out after 5s | cwd=/private/var/folders/yl/qz0xdxvs36s_jr46sp_l9skh0000gn/T/pytest-of-busiji/pytest-63/test_gateway_timeout_protected0
[2026-08-21T04:53:45+08:00] [ERROR] component=pretooluse-guard guard timed out after 5s | cwd=/private/var/folders/yl/qz0xdxvs36s_jr46sp_l9skh0000gn/T/pytest-of-busiji/pytest-63/test_gateway_timeout_non_prote0
[2026-08-21T04:53:45+08:00] [ERROR] component=pretooluse-guard guard execution failed | error="Guard crashed"
[2026-08-21T04:53:45+08:00] [ERROR] component=pretooluse-guard guard execution failed | error="Guard crashed"
[2026-08-21T04:56:33+08:00] [ERROR] component=health-check Project health degraded (from previous check) | status=degraded validation_errors="[\"error_0\", \"error_1\", \"error_2\", \"error_3\", \"error_4\", \"error_5\", \"error_6\", \"error_7\", \"error_8\", \"error_9\"]"
[2026-08-21T04:56:33+08:00] [ERROR] component=health-check Project health degraded (from previous check) | status=degraded validation_errors="[\"error1\", \"error2\", \"error3\"]"
[2026-08-21T04:56:44+08:00] [ERROR] component=test_component test message | key=value
[2026-08-21T04:56:45+08:00] [ERROR] component=test_component test message | key=value
[2026-08-21T04:56:48+08:00] [ERROR] component=memory-hook-gateway delegate preflight failed | cwd=/private/var/folders/yl/qz0xdxvs36s_jr46sp_l9skh0000gn/T/pytest-of-busiji/pytest-63/test_degraded_package_on_prefl0 error="preflight failed" event=session-start host=codex
[2026-08-21T04:56:56+08:00] [ERROR] component=pretooluse-guard guard timed out after 5s | cwd=/private/var/folders/yl/qz0xdxvs36s_jr46sp_l9skh0000gn/T/pytest-of-busiji/pytest-63/test_gateway_fail_closed_redac0
[2026-08-21T04:56:56+08:00] [ERROR] component=pretooluse-guard guard timed out after 5s | cwd=/private/var/folders/yl/qz0xdxvs36s_jr46sp_l9skh0000gn/T/pytest-of-busiji/pytest-63/test_gateway_handles_json_arra0
[2026-08-21T04:56:56+08:00] [ERROR] component=pretooluse-guard guard execution failed | error="guard crashed"
[2026-08-21T04:56:56+08:00] [ERROR] component=pretooluse-guard guard timed out after 5s | cwd=/private/var/folders/yl/qz0xdxvs36s_jr46sp_l9skh0000gn/T/pytest-of-busiji/pytest-63/test_gateway_fail_closed_write1
[2026-08-21T04:56:56+08:00] [ERROR] component=pretooluse-guard guard timed out after 5s | cwd=/private/var/folders/yl/qz0xdxvs36s_jr46sp_l9skh0000gn/T/pytest-of-busiji/pytest-63/test_gateway_timeout_protected1
[2026-08-21T04:56:56+08:00] [ERROR] component=pretooluse-guard guard timed out after 5s | cwd=/private/var/folders/yl/qz0xdxvs36s_jr46sp_l9skh0000gn/T/pytest-of-busiji/pytest-63/test_gateway_timeout_non_prote1
[2026-08-21T04:56:56+08:00] [ERROR] component=pretooluse-guard guard execution failed | error="guard crashed"
[2026-08-21T04:59:37+08:00] [ERROR] component=pretooluse-guard guard timed out after 5s | cwd=/private/var/folders/yl/qz0xdxvs36s_jr46sp_l9skh0000gn/T/pytest-of-busiji/pytest-66/test_gateway_handles_json_arra0
[2026-08-21T04:59:37+08:00] [ERROR] component=pretooluse-guard guard timed out after 5s | cwd=/private/var/folders/yl/qz0xdxvs36s_jr46sp_l9skh0000gn/T/pytest-of-busiji/pytest-66/test_gateway_fail_closed_redac0
[2026-08-21T04:59:37+08:00] [ERROR] component=pretooluse-guard guard timed out after 5s | cwd=/private/var/folders/yl/qz0xdxvs36s_jr46sp_l9skh0000gn/T/pytest-of-busiji/pytest-66/test_gateway_timeout_protected0
[2026-08-21T04:59:37+08:00] [ERROR] component=pretooluse-guard guard timed out after 5s | cwd=/private/var/folders/yl/qz0xdxvs36s_jr46sp_l9skh0000gn/T/pytest-of-busiji/pytest-66/test_gateway_timeout_non_prote0
[2026-08-21T04:59:37+08:00] [ERROR] component=pretooluse-guard guard execution failed | error="guard crashed"
[2026-08-21T04:59:37+08:00] [ERROR] component=pretooluse-guard guard timed out after 5s | cwd=/private/var/folders/yl/qz0xdxvs36s_jr46sp_l9skh0000gn/T/pytest-of-busiji/pytest-66/test_gateway_fail_closed_write0
[2026-08-21T04:59:37+08:00] [ERROR] component=pretooluse-guard guard execution failed | error="guard crashed"
[2026-08-21T04:59:40+08:00] [ERROR] component=test_component test message | key=value
[2026-08-21T04:59:41+08:00] [ERROR] component=test_component test message | key=value
[2026-08-21T05:01:01+08:00] [ERROR] component=health-check Project health degraded (from previous check) | status=degraded validation_errors="[\"error_0\", \"error_1\", \"error_2\", \"error_3\", \"error_4\", \"error_5\", \"error_6\", \"error_7\", \"error_8\", \"error_9\"]"
[2026-08-21T05:01:01+08:00] [ERROR] component=health-check Project health degraded (from previous check) | status=degraded validation_errors="[\"error1\", \"error2\", \"error3\"]"
[2026-08-21T05:03:34+08:00] [ERROR] component=test_component test message | key=value
[2026-08-21T05:03:37+08:00] [ERROR] component=test_component test message | key=value
[2026-08-21T05:03:43+08:00] [ERROR] component=pretooluse-guard guard timed out after 5s | cwd=/private/var/folders/yl/qz0xdxvs36s_jr46sp_l9skh0000gn/T/pytest-of-busiji/pytest-68/test_gateway_timeout_non_prote0
[2026-08-21T05:03:43+08:00] [ERROR] component=pretooluse-guard guard timed out after 5s | cwd=/private/var/folders/yl/qz0xdxvs36s_jr46sp_l9skh0000gn/T/pytest-of-busiji/pytest-68/test_gateway_timeout_protected0
[2026-08-21T05:03:43+08:00] [ERROR] component=pretooluse-guard guard execution failed | error="guard crashed"
[2026-08-21T05:03:43+08:00] [ERROR] component=pretooluse-guard guard execution failed | error="guard crashed"
[2026-08-21T05:03:43+08:00] [ERROR] component=pretooluse-guard guard timed out after 5s | cwd=/private/var/folders/yl/qz0xdxvs36s_jr46sp_l9skh0000gn/T/pytest-of-busiji/pytest-68/test_gateway_fail_closed_write1
[2026-08-21T05:03:43+08:00] [ERROR] component=pretooluse-guard guard timed out after 5s | cwd=/private/var/folders/yl/qz0xdxvs36s_jr46sp_l9skh0000gn/T/pytest-of-busiji/pytest-68/test_gateway_handles_json_arra0
[2026-08-21T05:03:43+08:00] [ERROR] component=pretooluse-guard guard timed out after 5s | cwd=/private/var/folders/yl/qz0xdxvs36s_jr46sp_l9skh0000gn/T/pytest-of-busiji/pytest-68/test_gateway_fail_closed_redac0
[2026-08-21T05:03:45+08:00] [ERROR] component=pretooluse-guard guard execution failed | error="Guard crashed"
[2026-08-21T05:03:45+08:00] [ERROR] component=pretooluse-guard guard timed out after 5s | cwd=/private/var/folders/yl/qz0xdxvs36s_jr46sp_l9skh0000gn/T/pytest-of-busiji/pytest-68/test_gateway_timeout_non_prote1
[2026-08-21T05:03:45+08:00] [ERROR] component=pretooluse-guard guard execution failed | error="Guard crashed"
[2026-08-21T05:03:45+08:00] [ERROR] component=pretooluse-guard guard timed out after 5s | cwd=/private/var/folders/yl/qz0xdxvs36s_jr46sp_l9skh0000gn/T/pytest-of-busiji/pytest-68/test_gateway_timeout_protected1
[2026-08-21T05:03:52+08:00] [ERROR] component=memory-hook-gateway delegate preflight failed | cwd=/private/var/folders/yl/qz0xdxvs36s_jr46sp_l9skh0000gn/T/pytest-of-busiji/pytest-68/test_degraded_package_on_prefl0 error="preflight failed" event=session-start host=codex
[2026-08-21T05:12:58+08:00] [ERROR] component=pretooluse-guard guard timed out after 5s | cwd=/private/var/folders/yl/qz0xdxvs36s_jr46sp_l9skh0000gn/T/pytest-of-busiji/pytest-94/popen-gw5/test_gateway_handles_json_arra0
[2026-08-21T05:12:58+08:00] [ERROR] component=memory-hook-gateway delegate preflight failed | cwd=/private/var/folders/yl/qz0xdxvs36s_jr46sp_l9skh0000gn/T/pytest-of-busiji/pytest-94/popen-gw3/test_degraded_package_on_prefl0 error="preflight failed" event=session-start host=codex
[2026-08-21T05:12:58+08:00] [ERROR] component=pretooluse-guard guard timed out after 5s | cwd=/private/var/folders/yl/qz0xdxvs36s_jr46sp_l9skh0000gn/T/pytest-of-busiji/pytest-94/popen-gw5/test_gateway_timeout_protected0
[2026-08-21T05:12:58+08:00] [ERROR] component=pretooluse-guard guard execution failed | error="guard crashed"
[2026-08-21T05:12:58+08:00] [ERROR] component=pretooluse-guard guard timed out after 5s | cwd=/private/var/folders/yl/qz0xdxvs36s_jr46sp_l9skh0000gn/T/pytest-of-busiji/pytest-94/popen-gw5/test_gateway_timeout_non_prote0
[2026-08-21T05:12:58+08:00] [ERROR] component=pretooluse-guard guard timed out after 5s | cwd=/private/var/folders/yl/qz0xdxvs36s_jr46sp_l9skh0000gn/T/pytest-of-busiji/pytest-94/popen-gw5/test_gateway_fail_closed_redac0
[2026-08-21T05:12:58+08:00] [ERROR] component=pretooluse-guard guard execution failed | error="guard crashed"
[2026-08-21T05:12:58+08:00] [ERROR] component=pretooluse-guard guard timed out after 5s | cwd=/private/var/folders/yl/qz0xdxvs36s_jr46sp_l9skh0000gn/T/pytest-of-busiji/pytest-94/popen-gw5/test_gateway_fail_closed_write1
[2026-08-21T05:13:12+08:00] [ERROR] component=test_component test message | key=value
[2026-08-21T05:13:18+08:00] [ERROR] component=test_component test message | key=value
[2026-08-21T05:13:26+08:00] [ERROR] component=health-check Project health degraded (from previous check) | status=degraded validation_errors="[\"error_0\", \"error_1\", \"error_2\", \"error_3\", \"error_4\", \"error_5\", \"error_6\", \"error_7\", \"error_8\", \"error_9\"]"
[2026-08-21T05:13:26+08:00] [ERROR] component=health-check Project health degraded (from previous check) | status=degraded validation_errors="[\"error1\", \"error2\", \"error3\"]"
[2026-08-21T05:13:32+08:00] [ERROR] component=pretooluse-guard guard timed out after 5s | cwd=/private/var/folders/yl/qz0xdxvs36s_jr46sp_l9skh0000gn/T/pytest-of-busiji/pytest-94/popen-gw3/test_gateway_timeout_non_prote0
[2026-08-21T05:13:32+08:00] [ERROR] component=pretooluse-guard guard timed out after 5s | cwd=/private/var/folders/yl/qz0xdxvs36s_jr46sp_l9skh0000gn/T/pytest-of-busiji/pytest-94/popen-gw3/test_gateway_timeout_protected0
[2026-08-21T05:13:32+08:00] [ERROR] component=pretooluse-guard guard execution failed | error="Guard crashed"
[2026-08-21T05:13:32+08:00] [ERROR] component=pretooluse-guard guard execution failed | error="Guard crashed"
[2026-08-21T05:23:51+08:00] [ERROR] component=pretooluse-guard guard timed out after 5s | cwd=/private/var/folders/yl/qz0xdxvs36s_jr46sp_l9skh0000gn/T/pytest-of-busiji/pytest-97/popen-gw4/test_gateway_timeout_non_prote0
[2026-08-21T05:23:51+08:00] [ERROR] component=pretooluse-guard guard execution failed | error="Guard crashed"
[2026-08-21T05:23:51+08:00] [ERROR] component=pretooluse-guard guard timed out after 5s | cwd=/private/var/folders/yl/qz0xdxvs36s_jr46sp_l9skh0000gn/T/pytest-of-busiji/pytest-97/popen-gw4/test_gateway_timeout_protected0
[2026-08-21T05:23:51+08:00] [ERROR] component=pretooluse-guard guard execution failed | error="Guard crashed"
[2026-08-21T05:23:52+08:00] [ERROR] component=test_component test message | key=value
[2026-08-21T05:23:54+08:00] [ERROR] component=test_component test message | key=value
[2026-08-21T05:24:17+08:00] [ERROR] component=health-check Project health degraded (from previous check) | status=degraded validation_errors="[\"error_0\", \"error_1\", \"error_2\", \"error_3\", \"error_4\", \"error_5\", \"error_6\", \"error_7\", \"error_8\", \"error_9\"]"
[2026-08-21T05:24:17+08:00] [ERROR] component=health-check Project health degraded (from previous check) | status=degraded validation_errors="[\"error1\", \"error2\", \"error3\"]"
[2026-08-21T05:24:19+08:00] [ERROR] component=memory-hook-gateway delegate preflight failed | cwd=/private/var/folders/yl/qz0xdxvs36s_jr46sp_l9skh0000gn/T/pytest-of-busiji/pytest-97/popen-gw4/test_degraded_package_on_prefl0 error="preflight failed" event=session-start host=codex
[2026-08-21T05:24:21+08:00] [ERROR] component=pretooluse-guard guard execution failed | error="guard crashed"
[2026-08-21T05:24:21+08:00] [ERROR] component=pretooluse-guard guard timed out after 5s | cwd=/private/var/folders/yl/qz0xdxvs36s_jr46sp_l9skh0000gn/T/pytest-of-busiji/pytest-97/popen-gw1/test_gateway_fail_closed_write1
[2026-08-21T05:24:21+08:00] [ERROR] component=pretooluse-guard guard timed out after 5s | cwd=/private/var/folders/yl/qz0xdxvs36s_jr46sp_l9skh0000gn/T/pytest-of-busiji/pytest-97/popen-gw1/test_gateway_fail_closed_redac0
[2026-08-21T05:24:21+08:00] [ERROR] component=pretooluse-guard guard timed out after 5s | cwd=/private/var/folders/yl/qz0xdxvs36s_jr46sp_l9skh0000gn/T/pytest-of-busiji/pytest-97/popen-gw1/test_gateway_handles_json_arra0
[2026-08-21T05:24:21+08:00] [ERROR] component=pretooluse-guard guard timed out after 5s | cwd=/private/var/folders/yl/qz0xdxvs36s_jr46sp_l9skh0000gn/T/pytest-of-busiji/pytest-97/popen-gw1/test_gateway_timeout_non_prote0
[2026-08-21T05:24:21+08:00] [ERROR] component=pretooluse-guard guard execution failed | error="guard crashed"
[2026-08-21T05:24:21+08:00] [ERROR] component=pretooluse-guard guard timed out after 5s | cwd=/private/var/folders/yl/qz0xdxvs36s_jr46sp_l9skh0000gn/T/pytest-of-busiji/pytest-97/popen-gw1/test_gateway_timeout_protected0
[2026-08-21T05:25:22+08:00] [ERROR] component=health-check Project health degraded (from previous check) | status=degraded validation_errors="[\"error1\", \"error2\", \"error3\"]"
[2026-08-21T05:25:22+08:00] [ERROR] component=health-check Project health degraded (from previous check) | status=degraded validation_errors="[\"error_0\", \"error_1\", \"error_2\", \"error_3\", \"error_4\", \"error_5\", \"error_6\", \"error_7\", \"error_8\", \"error_9\"]"
[2026-08-21T05:25:26+08:00] [ERROR] component=pretooluse-guard guard timed out after 5s | cwd=/private/var/folders/yl/qz0xdxvs36s_jr46sp_l9skh0000gn/T/pytest-of-busiji/pytest-99/popen-gw2/test_gateway_fail_closed_redac0
[2026-08-21T05:25:26+08:00] [ERROR] component=pretooluse-guard guard timed out after 5s | cwd=/private/var/folders/yl/qz0xdxvs36s_jr46sp_l9skh0000gn/T/pytest-of-busiji/pytest-99/popen-gw2/test_gateway_timeout_protected0
[2026-08-21T05:25:26+08:00] [ERROR] component=pretooluse-guard guard timed out after 5s | cwd=/private/var/folders/yl/qz0xdxvs36s_jr46sp_l9skh0000gn/T/pytest-of-busiji/pytest-99/popen-gw2/test_gateway_timeout_non_prote0
[2026-08-21T05:25:26+08:00] [ERROR] component=pretooluse-guard guard execution failed | error="guard crashed"
[2026-08-21T05:25:26+08:00] [ERROR] component=pretooluse-guard guard timed out after 5s | cwd=/private/var/folders/yl/qz0xdxvs36s_jr46sp_l9skh0000gn/T/pytest-of-busiji/pytest-99/popen-gw2/test_gateway_handles_json_arra0
[2026-08-21T05:25:26+08:00] [ERROR] component=pretooluse-guard guard execution failed | error="guard crashed"
[2026-08-21T05:25:26+08:00] [ERROR] component=pretooluse-guard guard timed out after 5s | cwd=/private/var/folders/yl/qz0xdxvs36s_jr46sp_l9skh0000gn/T/pytest-of-busiji/pytest-99/popen-gw2/test_gateway_fail_closed_write1
[2026-08-21T05:25:43+08:00] [ERROR] component=pretooluse-guard guard timed out after 5s | cwd=/private/var/folders/yl/qz0xdxvs36s_jr46sp_l9skh0000gn/T/pytest-of-busiji/pytest-99/popen-gw0/test_gateway_timeout_non_prote0
[2026-08-21T05:25:43+08:00] [ERROR] component=pretooluse-guard guard timed out after 5s | cwd=/private/var/folders/yl/qz0xdxvs36s_jr46sp_l9skh0000gn/T/pytest-of-busiji/pytest-99/popen-gw0/test_gateway_timeout_protected0
[2026-08-21T05:25:43+08:00] [ERROR] component=pretooluse-guard guard execution failed | error="Guard crashed"
[2026-08-21T05:25:43+08:00] [ERROR] component=pretooluse-guard guard execution failed | error="Guard crashed"
[2026-08-21T05:25:47+08:00] [ERROR] component=test_component test message | key=value
[2026-08-21T05:25:50+08:00] [ERROR] component=test_component test message | key=value
[2026-08-21T05:30:58+08:00] [ERROR] component=pretooluse-guard guard timed out after 5s | cwd=/private/var/folders/yl/qz0xdxvs36s_jr46sp_l9skh0000gn/T/pytest-of-busiji/pytest-101/popen-gw2/test_gateway_fail_closed_write0
[2026-08-21T05:30:58+08:00] [ERROR] component=pretooluse-guard guard execution failed | error="guard crashed"
[2026-08-21T05:30:58+08:00] [ERROR] component=pretooluse-guard guard timed out after 5s | cwd=/private/var/folders/yl/qz0xdxvs36s_jr46sp_l9skh0000gn/T/pytest-of-busiji/pytest-101/popen-gw2/test_gateway_fail_closed_redac0
[2026-08-21T05:30:58+08:00] [ERROR] component=pretooluse-guard guard timed out after 5s | cwd=/private/var/folders/yl/qz0xdxvs36s_jr46sp_l9skh0000gn/T/pytest-of-busiji/pytest-101/popen-gw2/test_gateway_timeout_non_prote0
[2026-08-21T05:30:58+08:00] [ERROR] component=pretooluse-guard guard timed out after 5s | cwd=/private/var/folders/yl/qz0xdxvs36s_jr46sp_l9skh0000gn/T/pytest-of-busiji/pytest-101/popen-gw2/test_gateway_timeout_protected0
[2026-08-21T05:30:58+08:00] [ERROR] component=pretooluse-guard guard execution failed | error="guard crashed"
[2026-08-21T05:30:58+08:00] [ERROR] component=pretooluse-guard guard timed out after 5s | cwd=/private/var/folders/yl/qz0xdxvs36s_jr46sp_l9skh0000gn/T/pytest-of-busiji/pytest-101/popen-gw2/test_gateway_handles_json_arra0
[2026-08-21T05:31:03+08:00] [ERROR] component=memory-hook-gateway delegate preflight failed | cwd=/private/var/folders/yl/qz0xdxvs36s_jr46sp_l9skh0000gn/T/pytest-of-busiji/pytest-101/popen-gw2/test_degraded_package_on_prefl0 error="preflight failed" event=session-start host=codex
[2026-08-21T05:31:03+08:00] [ERROR] component=test_component test message | key=value
[2026-08-21T05:31:05+08:00] [ERROR] component=test_component test message | key=value
[2026-08-21T05:31:23+08:00] [ERROR] component=pretooluse-guard guard execution failed | error="Guard crashed"
[2026-08-21T05:31:23+08:00] [ERROR] component=pretooluse-guard guard execution failed | error="Guard crashed"
[2026-08-21T05:31:23+08:00] [ERROR] component=pretooluse-guard guard timed out after 5s | cwd=/private/var/folders/yl/qz0xdxvs36s_jr46sp_l9skh0000gn/T/pytest-of-busiji/pytest-101/popen-gw5/test_gateway_timeout_protected0
[2026-08-21T05:31:23+08:00] [ERROR] component=pretooluse-guard guard timed out after 5s | cwd=/private/var/folders/yl/qz0xdxvs36s_jr46sp_l9skh0000gn/T/pytest-of-busiji/pytest-101/popen-gw5/test_gateway_timeout_non_prote0
[2026-08-21T05:31:28+08:00] [ERROR] component=health-check Project health degraded (from previous check) | status=degraded validation_errors="[\"error_0\", \"error_1\", \"error_2\", \"error_3\", \"error_4\", \"error_5\", \"error_6\", \"error_7\", \"error_8\", \"error_9\"]"
[2026-08-21T05:31:28+08:00] [ERROR] component=health-check Project health degraded (from previous check) | status=degraded validation_errors="[\"error1\", \"error2\", \"error3\"]"
[2026-08-21T05:33:26+08:00] [ERROR] component=health-check Project health degraded (from previous check) | status=degraded validation_errors="[\"error1\", \"error2\", \"error3\"]"
[2026-08-21T05:33:26+08:00] [ERROR] component=health-check Project health degraded (from previous check) | status=degraded validation_errors="[\"error_0\", \"error_1\", \"error_2\", \"error_3\", \"error_4\", \"error_5\", \"error_6\", \"error_7\", \"error_8\", \"error_9\"]"
[2026-08-21T05:36:12+08:00] [ERROR] component=pretooluse-guard guard timed out after 5s | cwd=/private/var/folders/yl/qz0xdxvs36s_jr46sp_l9skh0000gn/T/pytest-of-busiji/pytest-103/test_gateway_timeout_protected0
[2026-08-21T05:36:12+08:00] [ERROR] component=pretooluse-guard guard timed out after 5s | cwd=/private/var/folders/yl/qz0xdxvs36s_jr46sp_l9skh0000gn/T/pytest-of-busiji/pytest-103/test_gateway_timeout_non_prote0
[2026-08-21T05:36:12+08:00] [ERROR] component=pretooluse-guard guard execution failed | error="guard crashed"
[2026-08-21T05:36:12+08:00] [ERROR] component=pretooluse-guard guard timed out after 5s | cwd=/private/var/folders/yl/qz0xdxvs36s_jr46sp_l9skh0000gn/T/pytest-of-busiji/pytest-103/test_gateway_fail_closed_redac0
[2026-08-21T05:36:12+08:00] [ERROR] component=pretooluse-guard guard execution failed | error="guard crashed"
[2026-08-21T05:36:12+08:00] [ERROR] component=pretooluse-guard guard timed out after 5s | cwd=/private/var/folders/yl/qz0xdxvs36s_jr46sp_l9skh0000gn/T/pytest-of-busiji/pytest-103/test_gateway_fail_closed_write1
[2026-08-21T05:36:12+08:00] [ERROR] component=pretooluse-guard guard timed out after 5s | cwd=/private/var/folders/yl/qz0xdxvs36s_jr46sp_l9skh0000gn/T/pytest-of-busiji/pytest-103/test_gateway_handles_json_arra0
[2026-08-21T05:37:43+08:00] [ERROR] component=test_component test message | key=value
[2026-08-21T05:37:44+08:00] [ERROR] component=test_component test message | key=value
[2026-08-21T05:38:34+08:00] [ERROR] component=pretooluse-guard guard execution failed | error="Guard crashed"
[2026-08-21T05:38:34+08:00] [ERROR] component=pretooluse-guard guard timed out after 5s | cwd=/private/var/folders/yl/qz0xdxvs36s_jr46sp_l9skh0000gn/T/pytest-of-busiji/pytest-103/test_gateway_timeout_protected1
[2026-08-21T05:38:34+08:00] [ERROR] component=pretooluse-guard guard execution failed | error="Guard crashed"
[2026-08-21T05:38:34+08:00] [ERROR] component=pretooluse-guard guard timed out after 5s | cwd=/private/var/folders/yl/qz0xdxvs36s_jr46sp_l9skh0000gn/T/pytest-of-busiji/pytest-103/test_gateway_timeout_non_prote1
[2026-08-21T05:38:37+08:00] [ERROR] component=memory-hook-gateway delegate preflight failed | cwd=/private/var/folders/yl/qz0xdxvs36s_jr46sp_l9skh0000gn/T/pytest-of-busiji/pytest-103/test_degraded_package_on_prefl0 error="preflight failed" event=session-start host=codex
[2026-08-21T05:40:49+08:00] [ERROR] component=pretooluse-guard guard execution failed | error="Guard crashed"
[2026-08-21T05:40:49+08:00] [ERROR] component=pretooluse-guard guard execution failed | error="Guard crashed"
[2026-08-21T05:40:49+08:00] [ERROR] component=pretooluse-guard guard timed out after 5s | cwd=/private/var/folders/yl/qz0xdxvs36s_jr46sp_l9skh0000gn/T/pytest-of-busiji/pytest-105/test_gateway_timeout_non_prote0
[2026-08-21T05:40:49+08:00] [ERROR] component=pretooluse-guard guard timed out after 5s | cwd=/private/var/folders/yl/qz0xdxvs36s_jr46sp_l9skh0000gn/T/pytest-of-busiji/pytest-105/test_gateway_timeout_protected0
[2026-08-21T05:43:05+08:00] [ERROR] component=pretooluse-guard guard timed out after 5s | cwd=/private/var/folders/yl/qz0xdxvs36s_jr46sp_l9skh0000gn/T/pytest-of-busiji/pytest-105/test_gateway_handles_json_arra0
[2026-08-21T05:43:05+08:00] [ERROR] component=pretooluse-guard guard timed out after 5s | cwd=/private/var/folders/yl/qz0xdxvs36s_jr46sp_l9skh0000gn/T/pytest-of-busiji/pytest-105/test_gateway_fail_closed_redac0
[2026-08-21T05:43:05+08:00] [ERROR] component=pretooluse-guard guard timed out after 5s | cwd=/private/var/folders/yl/qz0xdxvs36s_jr46sp_l9skh0000gn/T/pytest-of-busiji/pytest-105/test_gateway_fail_closed_write0
[2026-08-21T05:43:05+08:00] [ERROR] component=pretooluse-guard guard execution failed | error="guard crashed"
[2026-08-21T05:43:05+08:00] [ERROR] component=pretooluse-guard guard execution failed | error="guard crashed"
[2026-08-21T05:43:05+08:00] [ERROR] component=pretooluse-guard guard timed out after 5s | cwd=/private/var/folders/yl/qz0xdxvs36s_jr46sp_l9skh0000gn/T/pytest-of-busiji/pytest-105/test_gateway_timeout_protected1
[2026-08-21T05:43:05+08:00] [ERROR] component=pretooluse-guard guard timed out after 5s | cwd=/private/var/folders/yl/qz0xdxvs36s_jr46sp_l9skh0000gn/T/pytest-of-busiji/pytest-105/test_gateway_timeout_non_prote1
[2026-08-21T05:44:17+08:00] [ERROR] component=health-check Project health degraded (from previous check) | status=degraded validation_errors="[\"error_0\", \"error_1\", \"error_2\", \"error_3\", \"error_4\", \"error_5\", \"error_6\", \"error_7\", \"error_8\", \"error_9\"]"
[2026-08-21T05:44:17+08:00] [ERROR] component=health-check Project health degraded (from previous check) | status=degraded validation_errors="[\"error1\", \"error2\", \"error3\"]"
[2026-08-21T05:44:26+08:00] [ERROR] component=memory-hook-gateway delegate preflight failed | cwd=/private/var/folders/yl/qz0xdxvs36s_jr46sp_l9skh0000gn/T/pytest-of-busiji/pytest-105/test_degraded_package_on_prefl0 error="preflight failed" event=session-start host=codex
[2026-08-21T05:44:33+08:00] [ERROR] component=test_component test message | key=value
[2026-08-21T05:44:36+08:00] [ERROR] component=test_component test message | key=value
[2026-08-21T05:47:29+08:00] [ERROR] component=pretooluse-guard guard timed out after 5s | cwd=/private/var/folders/yl/qz0xdxvs36s_jr46sp_l9skh0000gn/T/pytest-of-busiji/pytest-109/popen-gw0/test_gateway_fail_closed_redac0
[2026-08-21T05:47:29+08:00] [ERROR] component=pretooluse-guard guard timed out after 5s | cwd=/private/var/folders/yl/qz0xdxvs36s_jr46sp_l9skh0000gn/T/pytest-of-busiji/pytest-109/popen-gw0/test_gateway_handles_json_arra0
[2026-08-21T05:47:29+08:00] [ERROR] component=pretooluse-guard guard timed out after 5s | cwd=/private/var/folders/yl/qz0xdxvs36s_jr46sp_l9skh0000gn/T/pytest-of-busiji/pytest-109/popen-gw0/test_gateway_timeout_non_prote0
[2026-08-21T05:47:29+08:00] [ERROR] component=pretooluse-guard guard timed out after 5s | cwd=/private/var/folders/yl/qz0xdxvs36s_jr46sp_l9skh0000gn/T/pytest-of-busiji/pytest-109/popen-gw0/test_gateway_timeout_protected0
[2026-08-21T05:47:29+08:00] [ERROR] component=pretooluse-guard guard execution failed | error="guard crashed"
[2026-08-21T05:47:29+08:00] [ERROR] component=pretooluse-guard guard execution failed | error="guard crashed"
[2026-08-21T05:47:29+08:00] [ERROR] component=pretooluse-guard guard timed out after 5s | cwd=/private/var/folders/yl/qz0xdxvs36s_jr46sp_l9skh0000gn/T/pytest-of-busiji/pytest-109/popen-gw0/test_gateway_fail_closed_write1
[2026-08-21T05:47:38+08:00] [ERROR] component=memory-hook-gateway delegate preflight failed | cwd=/private/var/folders/yl/qz0xdxvs36s_jr46sp_l9skh0000gn/T/pytest-of-busiji/pytest-109/popen-gw0/test_degraded_package_on_prefl0 error="preflight failed" event=session-start host=codex
[2026-08-21T05:47:40+08:00] [ERROR] component=health-check Project health degraded (from previous check) | status=degraded validation_errors="[\"error_0\", \"error_1\", \"error_2\", \"error_3\", \"error_4\", \"error_5\", \"error_6\", \"error_7\", \"error_8\", \"error_9\"]"
[2026-08-21T05:47:40+08:00] [ERROR] component=health-check Project health degraded (from previous check) | status=degraded validation_errors="[\"error1\", \"error2\", \"error3\"]"
[2026-08-21T05:48:04+08:00] [ERROR] component=pretooluse-guard guard timed out after 5s | cwd=/private/var/folders/yl/qz0xdxvs36s_jr46sp_l9skh0000gn/T/pytest-of-busiji/pytest-109/popen-gw0/test_gateway_timeout_non_prote1
[2026-08-21T05:48:04+08:00] [ERROR] component=pretooluse-guard guard execution failed | error="Guard crashed"
[2026-08-21T05:48:04+08:00] [ERROR] component=pretooluse-guard guard timed out after 5s | cwd=/private/var/folders/yl/qz0xdxvs36s_jr46sp_l9skh0000gn/T/pytest-of-busiji/pytest-109/popen-gw0/test_gateway_timeout_protected1
[2026-08-21T05:48:04+08:00] [ERROR] component=pretooluse-guard guard execution failed | error="Guard crashed"
[2026-08-21T05:48:09+08:00] [ERROR] component=test_component test message | key=value
[2026-08-21T05:48:10+08:00] [ERROR] component=test_component test message | key=value
[2026-08-21T05:49:44+08:00] [ERROR] component=pretooluse-guard guard timed out after 5s | cwd=/private/var/folders/yl/qz0xdxvs36s_jr46sp_l9skh0000gn/T/pytest-of-busiji/pytest-113/popen-gw5/test_gateway_handles_json_arra0
[2026-08-21T05:49:44+08:00] [ERROR] component=pretooluse-guard guard execution failed | error="guard crashed"
[2026-08-21T05:49:44+08:00] [ERROR] component=pretooluse-guard guard timed out after 5s | cwd=/private/var/folders/yl/qz0xdxvs36s_jr46sp_l9skh0000gn/T/pytest-of-busiji/pytest-113/popen-gw5/test_gateway_timeout_protected0
[2026-08-21T05:49:44+08:00] [ERROR] component=pretooluse-guard guard timed out after 5s | cwd=/private/var/folders/yl/qz0xdxvs36s_jr46sp_l9skh0000gn/T/pytest-of-busiji/pytest-113/popen-gw5/test_gateway_timeout_non_prote0
[2026-08-21T05:49:44+08:00] [ERROR] component=pretooluse-guard guard timed out after 5s | cwd=/private/var/folders/yl/qz0xdxvs36s_jr46sp_l9skh0000gn/T/pytest-of-busiji/pytest-113/popen-gw5/test_gateway_fail_closed_redac0
[2026-08-21T05:49:44+08:00] [ERROR] component=pretooluse-guard guard execution failed | error="guard crashed"
[2026-08-21T05:49:44+08:00] [ERROR] component=pretooluse-guard guard timed out after 5s | cwd=/private/var/folders/yl/qz0xdxvs36s_jr46sp_l9skh0000gn/T/pytest-of-busiji/pytest-113/popen-gw5/test_gateway_fail_closed_write1
[2026-08-21T05:49:44+08:00] [ERROR] component=health-check Project health degraded (from previous check) | status=degraded validation_errors="[\"error1\", \"error2\", \"error3\"]"
[2026-08-21T05:49:44+08:00] [ERROR] component=health-check Project health degraded (from previous check) | status=degraded validation_errors="[\"error_0\", \"error_1\", \"error_2\", \"error_3\", \"error_4\", \"error_5\", \"error_6\", \"error_7\", \"error_8\", \"error_9\"]"
[2026-08-21T05:49:47+08:00] [ERROR] component=test_component test message | key=value
[2026-08-21T05:49:50+08:00] [ERROR] component=memory-hook-gateway delegate preflight failed | cwd=/private/var/folders/yl/qz0xdxvs36s_jr46sp_l9skh0000gn/T/pytest-of-busiji/pytest-113/popen-gw0/test_degraded_package_on_prefl0 error="preflight failed" event=session-start host=codex
[2026-08-21T05:49:53+08:00] [ERROR] component=pretooluse-guard guard timed out after 5s | cwd=/private/var/folders/yl/qz0xdxvs36s_jr46sp_l9skh0000gn/T/pytest-of-busiji/pytest-113/popen-gw5/test_gateway_timeout_non_prote1
[2026-08-21T05:49:53+08:00] [ERROR] component=pretooluse-guard guard execution failed | error="Guard crashed"
[2026-08-21T05:49:53+08:00] [ERROR] component=pretooluse-guard guard timed out after 5s | cwd=/private/var/folders/yl/qz0xdxvs36s_jr46sp_l9skh0000gn/T/pytest-of-busiji/pytest-113/popen-gw5/test_gateway_timeout_protected1
[2026-08-21T05:49:53+08:00] [ERROR] component=pretooluse-guard guard execution failed | error="Guard crashed"
[2026-08-21T05:50:14+08:00] [ERROR] component=test_component test message | key=value
[2026-08-21T05:53:33+08:00] [ERROR] component=pretooluse-guard guard timed out after 5s | cwd=/private/var/folders/yl/qz0xdxvs36s_jr46sp_l9skh0000gn/T/pytest-of-busiji/pytest-117/popen-gw2/test_gateway_timeout_non_prote0
[2026-08-21T05:53:33+08:00] [ERROR] component=pretooluse-guard guard execution failed | error="guard crashed"
[2026-08-21T05:53:33+08:00] [ERROR] component=pretooluse-guard guard timed out after 5s | cwd=/private/var/folders/yl/qz0xdxvs36s_jr46sp_l9skh0000gn/T/pytest-of-busiji/pytest-117/popen-gw2/test_gateway_timeout_protected0
[2026-08-21T05:53:33+08:00] [ERROR] component=pretooluse-guard guard execution failed | error="guard crashed"
[2026-08-21T05:53:33+08:00] [ERROR] component=pretooluse-guard guard timed out after 5s | cwd=/private/var/folders/yl/qz0xdxvs36s_jr46sp_l9skh0000gn/T/pytest-of-busiji/pytest-117/popen-gw2/test_gateway_fail_closed_write1
[2026-08-21T05:53:33+08:00] [ERROR] component=pretooluse-guard guard timed out after 5s | cwd=/private/var/folders/yl/qz0xdxvs36s_jr46sp_l9skh0000gn/T/pytest-of-busiji/pytest-117/popen-gw2/test_gateway_handles_json_arra0
[2026-08-21T05:53:33+08:00] [ERROR] component=pretooluse-guard guard timed out after 5s | cwd=/private/var/folders/yl/qz0xdxvs36s_jr46sp_l9skh0000gn/T/pytest-of-busiji/pytest-117/popen-gw2/test_gateway_fail_closed_redac0
[2026-08-21T05:53:34+08:00] [ERROR] component=health-check Project health degraded (from previous check) | status=degraded validation_errors="[\"error_0\", \"error_1\", \"error_2\", \"error_3\", \"error_4\", \"error_5\", \"error_6\", \"error_7\", \"error_8\", \"error_9\"]"
[2026-08-21T05:53:34+08:00] [ERROR] component=health-check Project health degraded (from previous check) | status=degraded validation_errors="[\"error1\", \"error2\", \"error3\"]"
[2026-08-21T05:53:45+08:00] [ERROR] component=pretooluse-guard guard execution failed | error="Guard crashed"
[2026-08-21T05:53:45+08:00] [ERROR] component=pretooluse-guard guard execution failed | error="Guard crashed"
[2026-08-21T05:53:45+08:00] [ERROR] component=pretooluse-guard guard timed out after 5s | cwd=/private/var/folders/yl/qz0xdxvs36s_jr46sp_l9skh0000gn/T/pytest-of-busiji/pytest-117/popen-gw5/test_gateway_timeout_protected0
[2026-08-21T05:53:45+08:00] [ERROR] component=pretooluse-guard guard timed out after 5s | cwd=/private/var/folders/yl/qz0xdxvs36s_jr46sp_l9skh0000gn/T/pytest-of-busiji/pytest-117/popen-gw5/test_gateway_timeout_non_prote0
[2026-08-21T05:53:55+08:00] [ERROR] component=test_component test message | key=value
[2026-08-21T05:53:58+08:00] [ERROR] component=test_component test message | key=value
[2026-08-21T05:54:08+08:00] [ERROR] component=memory-hook-gateway delegate preflight failed | cwd=/private/var/folders/yl/qz0xdxvs36s_jr46sp_l9skh0000gn/T/pytest-of-busiji/pytest-117/popen-gw5/test_degraded_package_on_prefl0 error="preflight failed" event=session-start host=codex
[2026-08-21T06:03:32+08:00] [ERROR] component=test_component test message | key=value
[2026-08-21T06:03:32+08:00] [ERROR] component=test_component test message | key=value
[2026-08-21T06:03:53+08:00] [ERROR] component=memory-hook-gateway delegate preflight failed | cwd=/private/var/folders/yl/qz0xdxvs36s_jr46sp_l9skh0000gn/T/pytest-of-busiji/pytest-120/popen-gw1/test_degraded_package_on_prefl0 error="preflight failed" event=session-start host=codex
[2026-08-21T06:03:55+08:00] [ERROR] component=health-check Project health degraded (from previous check) | status=degraded validation_errors="[\"error1\", \"error2\", \"error3\"]"
[2026-08-21T06:03:55+08:00] [ERROR] component=health-check Project health degraded (from previous check) | status=degraded validation_errors="[\"error_0\", \"error_1\", \"error_2\", \"error_3\", \"error_4\", \"error_5\", \"error_6\", \"error_7\", \"error_8\", \"error_9\"]"
[2026-08-21T06:04:05+08:00] [ERROR] component=pretooluse-guard guard timed out after 5s | cwd=/private/var/folders/yl/qz0xdxvs36s_jr46sp_l9skh0000gn/T/pytest-of-busiji/pytest-120/popen-gw4/test_gateway_handles_json_arra0
[2026-08-21T06:04:05+08:00] [ERROR] component=pretooluse-guard guard timed out after 5s | cwd=/private/var/folders/yl/qz0xdxvs36s_jr46sp_l9skh0000gn/T/pytest-of-busiji/pytest-120/popen-gw4/test_gateway_timeout_non_prote0
[2026-08-21T06:04:05+08:00] [ERROR] component=pretooluse-guard guard execution failed | error="guard crashed"
[2026-08-21T06:04:05+08:00] [ERROR] component=pretooluse-guard guard timed out after 5s | cwd=/private/var/folders/yl/qz0xdxvs36s_jr46sp_l9skh0000gn/T/pytest-of-busiji/pytest-120/popen-gw4/test_gateway_timeout_protected0
[2026-08-21T06:04:05+08:00] [ERROR] component=pretooluse-guard guard timed out after 5s | cwd=/private/var/folders/yl/qz0xdxvs36s_jr46sp_l9skh0000gn/T/pytest-of-busiji/pytest-120/popen-gw4/test_gateway_fail_closed_write0
[2026-08-21T06:04:06+08:00] [ERROR] component=pretooluse-guard guard execution failed | error="guard crashed"
[2026-08-21T06:04:06+08:00] [ERROR] component=pretooluse-guard guard timed out after 5s | cwd=/private/var/folders/yl/qz0xdxvs36s_jr46sp_l9skh0000gn/T/pytest-of-busiji/pytest-120/popen-gw4/test_gateway_fail_closed_redac0
[2026-08-21T06:04:09+08:00] [ERROR] component=pretooluse-guard guard timed out after 5s | cwd=/private/var/folders/yl/qz0xdxvs36s_jr46sp_l9skh0000gn/T/pytest-of-busiji/pytest-120/popen-gw4/test_gateway_timeout_non_prote1
[2026-08-21T06:04:09+08:00] [ERROR] component=pretooluse-guard guard execution failed | error="Guard crashed"
[2026-08-21T06:04:09+08:00] [ERROR] component=pretooluse-guard guard execution failed | error="Guard crashed"
[2026-08-21T06:04:09+08:00] [ERROR] component=pretooluse-guard guard timed out after 5s | cwd=/private/var/folders/yl/qz0xdxvs36s_jr46sp_l9skh0000gn/T/pytest-of-busiji/pytest-120/popen-gw4/test_gateway_timeout_protected1
[2026-08-21T06:13:50+08:00] [ERROR] component=pretooluse-guard guard execution failed | error="Guard crashed"
[2026-08-21T06:13:50+08:00] [ERROR] component=pretooluse-guard guard execution failed | error="Guard crashed"
[2026-08-21T06:13:50+08:00] [ERROR] component=pretooluse-guard guard timed out after 5s | cwd=/private/var/folders/yl/qz0xdxvs36s_jr46sp_l9skh0000gn/T/pytest-of-busiji/pytest-125/popen-gw3/test_gateway_timeout_protected0
[2026-08-21T06:13:51+08:00] [ERROR] component=pretooluse-guard guard timed out after 5s | cwd=/private/var/folders/yl/qz0xdxvs36s_jr46sp_l9skh0000gn/T/pytest-of-busiji/pytest-125/popen-gw3/test_gateway_timeout_non_prote0
[2026-08-21T06:13:53+08:00] [ERROR] component=health-check Project health degraded (from previous check) | status=degraded validation_errors="[\"error1\", \"error2\", \"error3\"]"
[2026-08-21T06:13:53+08:00] [ERROR] component=health-check Project health degraded (from previous check) | status=degraded validation_errors="[\"error_0\", \"error_1\", \"error_2\", \"error_3\", \"error_4\", \"error_5\", \"error_6\", \"error_7\", \"error_8\", \"error_9\"]"
[2026-08-21T06:13:55+08:00] [ERROR] component=pretooluse-guard guard timed out after 5s | cwd=/private/var/folders/yl/qz0xdxvs36s_jr46sp_l9skh0000gn/T/pytest-of-busiji/pytest-125/popen-gw1/test_gateway_handles_json_arra0
[2026-08-21T06:13:55+08:00] [ERROR] component=pretooluse-guard guard execution failed | error="guard crashed"
[2026-08-21T06:13:55+08:00] [ERROR] component=pretooluse-guard guard timed out after 5s | cwd=/private/var/folders/yl/qz0xdxvs36s_jr46sp_l9skh0000gn/T/pytest-of-busiji/pytest-125/popen-gw1/test_gateway_timeout_protected0
[2026-08-21T06:13:55+08:00] [ERROR] component=pretooluse-guard guard timed out after 5s | cwd=/private/var/folders/yl/qz0xdxvs36s_jr46sp_l9skh0000gn/T/pytest-of-busiji/pytest-125/popen-gw1/test_gateway_timeout_non_prote0
[2026-08-21T06:13:56+08:00] [ERROR] component=pretooluse-guard guard timed out after 5s | cwd=/private/var/folders/yl/qz0xdxvs36s_jr46sp_l9skh0000gn/T/pytest-of-busiji/pytest-125/popen-gw1/test_gateway_fail_closed_write0
[2026-08-21T06:13:56+08:00] [ERROR] component=pretooluse-guard guard execution failed | error="guard crashed"
[2026-08-21T06:13:56+08:00] [ERROR] component=pretooluse-guard guard timed out after 5s | cwd=/private/var/folders/yl/qz0xdxvs36s_jr46sp_l9skh0000gn/T/pytest-of-busiji/pytest-125/popen-gw1/test_gateway_fail_closed_redac0
[2026-08-21T06:14:19+08:00] [ERROR] component=test_component test message | key=value
[2026-08-21T06:14:21+08:00] [ERROR] component=test_component test message | key=value
[2026-08-21T06:14:32+08:00] [ERROR] component=memory-hook-gateway delegate preflight failed | cwd=/private/var/folders/yl/qz0xdxvs36s_jr46sp_l9skh0000gn/T/pytest-of-busiji/pytest-125/popen-gw2/test_degraded_package_on_prefl0 error="preflight failed" event=session-start host=codex
[2026-08-21T06:32:04+08:00] [ERROR] component=test_component test message | key=value
[2026-08-21T06:32:04+08:00] [ERROR] component=test_component test message | key=value
[2026-08-21T06:32:45+08:00] [ERROR] component=memory-hook-gateway delegate preflight failed | cwd=/private/var/folders/yl/qz0xdxvs36s_jr46sp_l9skh0000gn/T/pytest-of-busiji/pytest-134/popen-gw5/test_degraded_package_on_prefl0 error="preflight failed" event=session-start host=codex
[2026-08-21T06:32:52+08:00] [ERROR] component=pretooluse-guard guard execution failed | error="Guard crashed"
[2026-08-21T06:32:52+08:00] [ERROR] component=pretooluse-guard guard execution failed | error="Guard crashed"
[2026-08-21T06:32:52+08:00] [ERROR] component=pretooluse-guard guard timed out after 5s | cwd=/private/var/folders/yl/qz0xdxvs36s_jr46sp_l9skh0000gn/T/pytest-of-busiji/pytest-134/popen-gw3/test_gateway_timeout_protected0
[2026-08-21T06:32:52+08:00] [ERROR] component=pretooluse-guard guard timed out after 5s | cwd=/private/var/folders/yl/qz0xdxvs36s_jr46sp_l9skh0000gn/T/pytest-of-busiji/pytest-134/popen-gw3/test_gateway_timeout_non_prote0
[2026-08-21T06:32:56+08:00] [ERROR] component=health-check Project health degraded (from previous check) | status=degraded validation_errors="[\"error_0\", \"error_1\", \"error_2\", \"error_3\", \"error_4\", \"error_5\", \"error_6\", \"error_7\", \"error_8\", \"error_9\"]"
[2026-08-21T06:32:56+08:00] [ERROR] component=health-check Project health degraded (from previous check) | status=degraded validation_errors="[\"error1\", \"error2\", \"error3\"]"
[2026-08-21T06:33:00+08:00] [ERROR] component=pretooluse-guard guard timed out after 5s | cwd=/private/var/folders/yl/qz0xdxvs36s_jr46sp_l9skh0000gn/T/pytest-of-busiji/pytest-134/popen-gw5/test_gateway_fail_closed_redac0
[2026-08-21T06:33:00+08:00] [ERROR] component=pretooluse-guard guard timed out after 5s | cwd=/private/var/folders/yl/qz0xdxvs36s_jr46sp_l9skh0000gn/T/pytest-of-busiji/pytest-134/popen-gw5/test_gateway_timeout_non_prote0
[2026-08-21T06:33:00+08:00] [ERROR] component=pretooluse-guard guard execution failed | error="guard crashed"
[2026-08-21T06:33:00+08:00] [ERROR] component=pretooluse-guard guard timed out after 5s | cwd=/private/var/folders/yl/qz0xdxvs36s_jr46sp_l9skh0000gn/T/pytest-of-busiji/pytest-134/popen-gw5/test_gateway_timeout_protected0
[2026-08-21T06:33:00+08:00] [ERROR] component=pretooluse-guard guard execution failed | error="guard crashed"
[2026-08-21T06:33:00+08:00] [ERROR] component=pretooluse-guard guard timed out after 5s | cwd=/private/var/folders/yl/qz0xdxvs36s_jr46sp_l9skh0000gn/T/pytest-of-busiji/pytest-134/popen-gw5/test_gateway_fail_closed_write1
[2026-08-21T06:33:00+08:00] [ERROR] component=pretooluse-guard guard timed out after 5s | cwd=/private/var/folders/yl/qz0xdxvs36s_jr46sp_l9skh0000gn/T/pytest-of-busiji/pytest-134/popen-gw5/test_gateway_handles_json_arra0
[2026-08-21T06:33:02+08:00] [ERROR] component=memory-hook-gateway delegate preflight failed | cwd=/private/var/folders/yl/qz0xdxvs36s_jr46sp_l9skh0000gn/T/pytest-of-busiji/pytest-136/popen-gw2/test_degraded_package_on_prefl0 error="preflight failed" event=session-start host=codex
[2026-08-21T06:33:09+08:00] [ERROR] component=test_component test message | key=value
[2026-08-21T06:33:11+08:00] [ERROR] component=test_component test message | key=value
[2026-08-21T06:33:15+08:00] [ERROR] component=pretooluse-guard guard execution failed | error="Guard crashed"
[2026-08-21T06:33:15+08:00] [ERROR] component=pretooluse-guard guard timed out after 5s | cwd=/private/var/folders/yl/qz0xdxvs36s_jr46sp_l9skh0000gn/T/pytest-of-busiji/pytest-136/popen-gw5/test_gateway_timeout_protected0
[2026-08-21T06:33:15+08:00] [ERROR] component=pretooluse-guard guard execution failed | error="Guard crashed"
[2026-08-21T06:33:15+08:00] [ERROR] component=pretooluse-guard guard timed out after 5s | cwd=/private/var/folders/yl/qz0xdxvs36s_jr46sp_l9skh0000gn/T/pytest-of-busiji/pytest-136/popen-gw5/test_gateway_timeout_non_prote0
[2026-08-21T06:33:18+08:00] [ERROR] component=health-check Project health degraded (from previous check) | status=degraded validation_errors="[\"error1\", \"error2\", \"error3\"]"
[2026-08-21T06:33:18+08:00] [ERROR] component=health-check Project health degraded (from previous check) | status=degraded validation_errors="[\"error_0\", \"error_1\", \"error_2\", \"error_3\", \"error_4\", \"error_5\", \"error_6\", \"error_7\", \"error_8\", \"error_9\"]"
[2026-08-21T06:33:49+08:00] [ERROR] component=pretooluse-guard guard timed out after 5s | cwd=/private/var/folders/yl/qz0xdxvs36s_jr46sp_l9skh0000gn/T/pytest-of-busiji/pytest-136/popen-gw0/test_gateway_timeout_non_prote0
[2026-08-21T06:33:49+08:00] [ERROR] component=pretooluse-guard guard execution failed | error="guard crashed"
[2026-08-21T06:33:49+08:00] [ERROR] component=pretooluse-guard guard timed out after 5s | cwd=/private/var/folders/yl/qz0xdxvs36s_jr46sp_l9skh0000gn/T/pytest-of-busiji/pytest-136/popen-gw0/test_gateway_timeout_protected0
[2026-08-21T06:33:49+08:00] [ERROR] component=pretooluse-guard guard timed out after 5s | cwd=/private/var/folders/yl/qz0xdxvs36s_jr46sp_l9skh0000gn/T/pytest-of-busiji/pytest-136/popen-gw0/test_gateway_fail_closed_write0
[2026-08-21T06:33:49+08:00] [ERROR] component=pretooluse-guard guard execution failed | error="guard crashed"
[2026-08-21T06:33:49+08:00] [ERROR] component=pretooluse-guard guard timed out after 5s | cwd=/private/var/folders/yl/qz0xdxvs36s_jr46sp_l9skh0000gn/T/pytest-of-busiji/pytest-136/popen-gw0/test_gateway_handles_json_arra0
[2026-08-21T06:33:49+08:00] [ERROR] component=pretooluse-guard guard timed out after 5s | cwd=/private/var/folders/yl/qz0xdxvs36s_jr46sp_l9skh0000gn/T/pytest-of-busiji/pytest-136/popen-gw0/test_gateway_fail_closed_redac0
[2026-08-21T06:34:21+08:00] [ERROR] component=memory-hook-gateway delegate preflight failed | cwd=/private/var/folders/yl/qz0xdxvs36s_jr46sp_l9skh0000gn/T/pytest-of-busiji/pytest-138/popen-gw5/test_degraded_package_on_prefl0 error="preflight failed" event=session-start host=codex
[2026-08-21T06:34:22+08:00] [ERROR] component=test_component test message | key=value
[2026-08-21T06:34:36+08:00] [ERROR] component=health-check Project health degraded (from previous check) | status=degraded validation_errors="[\"error_0\", \"error_1\", \"error_2\", \"error_3\", \"error_4\", \"error_5\", \"error_6\", \"error_7\", \"error_8\", \"error_9\"]"
[2026-08-21T06:34:36+08:00] [ERROR] component=health-check Project health degraded (from previous check) | status=degraded validation_errors="[\"error1\", \"error2\", \"error3\"]"
[2026-08-21T06:34:57+08:00] [ERROR] component=pretooluse-guard guard timed out after 5s | cwd=/private/var/folders/yl/qz0xdxvs36s_jr46sp_l9skh0000gn/T/pytest-of-busiji/pytest-138/popen-gw2/test_gateway_timeout_protected0
[2026-08-21T06:34:57+08:00] [ERROR] component=pretooluse-guard guard execution failed | error="Guard crashed"
[2026-08-21T06:34:57+08:00] [ERROR] component=pretooluse-guard guard timed out after 5s | cwd=/private/var/folders/yl/qz0xdxvs36s_jr46sp_l9skh0000gn/T/pytest-of-busiji/pytest-138/popen-gw2/test_gateway_timeout_non_prote0
[2026-08-21T06:34:57+08:00] [ERROR] component=pretooluse-guard guard execution failed | error="Guard crashed"
[2026-08-21T06:35:04+08:00] [ERROR] component=test_component test message | key=value
[2026-08-21T06:35:12+08:00] [ERROR] component=pretooluse-guard guard timed out after 5s | cwd=/private/var/folders/yl/qz0xdxvs36s_jr46sp_l9skh0000gn/T/pytest-of-busiji/pytest-138/popen-gw3/test_gateway_fail_closed_redac0
[2026-08-21T06:35:12+08:00] [ERROR] component=pretooluse-guard guard timed out after 5s | cwd=/private/var/folders/yl/qz0xdxvs36s_jr46sp_l9skh0000gn/T/pytest-of-busiji/pytest-138/popen-gw3/test_gateway_handles_json_arra0
[2026-08-21T06:35:12+08:00] [ERROR] component=pretooluse-guard guard timed out after 5s | cwd=/private/var/folders/yl/qz0xdxvs36s_jr46sp_l9skh0000gn/T/pytest-of-busiji/pytest-138/popen-gw3/test_gateway_timeout_protected0
[2026-08-21T06:35:12+08:00] [ERROR] component=pretooluse-guard guard timed out after 5s | cwd=/private/var/folders/yl/qz0xdxvs36s_jr46sp_l9skh0000gn/T/pytest-of-busiji/pytest-138/popen-gw3/test_gateway_timeout_non_prote0
[2026-08-21T06:35:12+08:00] [ERROR] component=pretooluse-guard guard execution failed | error="guard crashed"
[2026-08-21T06:35:12+08:00] [ERROR] component=pretooluse-guard guard timed out after 5s | cwd=/private/var/folders/yl/qz0xdxvs36s_jr46sp_l9skh0000gn/T/pytest-of-busiji/pytest-138/popen-gw3/test_gateway_fail_closed_write0
[2026-08-21T06:35:12+08:00] [ERROR] component=pretooluse-guard guard execution failed | error="guard crashed"
[2026-08-21T06:35:41+08:00] [ERROR] component=health-check Project health degraded (from previous check) | status=degraded validation_errors="[\"error1\", \"error2\", \"error3\"]"
[2026-08-21T06:35:41+08:00] [ERROR] component=health-check Project health degraded (from previous check) | status=degraded validation_errors="[\"error_0\", \"error_1\", \"error_2\", \"error_3\", \"error_4\", \"error_5\", \"error_6\", \"error_7\", \"error_8\", \"error_9\"]"
[2026-08-21T06:35:45+08:00] [ERROR] component=memory-hook-gateway delegate preflight failed | cwd=/private/var/folders/yl/qz0xdxvs36s_jr46sp_l9skh0000gn/T/pytest-of-busiji/pytest-140/popen-gw1/test_degraded_package_on_prefl0 error="preflight failed" event=session-start host=codex
[2026-08-21T06:35:47+08:00] [ERROR] component=pretooluse-guard guard execution failed | error="Guard crashed"
[2026-08-21T06:35:47+08:00] [ERROR] component=pretooluse-guard guard execution failed | error="Guard crashed"
[2026-08-21T06:35:47+08:00] [ERROR] component=pretooluse-guard guard timed out after 5s | cwd=/private/var/folders/yl/qz0xdxvs36s_jr46sp_l9skh0000gn/T/pytest-of-busiji/pytest-140/popen-gw3/test_gateway_timeout_protected0
[2026-08-21T06:35:47+08:00] [ERROR] component=pretooluse-guard guard timed out after 5s | cwd=/private/var/folders/yl/qz0xdxvs36s_jr46sp_l9skh0000gn/T/pytest-of-busiji/pytest-140/popen-gw3/test_gateway_timeout_non_prote0
[2026-08-21T06:36:08+08:00] [ERROR] component=pretooluse-guard guard timed out after 5s | cwd=/private/var/folders/yl/qz0xdxvs36s_jr46sp_l9skh0000gn/T/pytest-of-busiji/pytest-140/popen-gw3/test_gateway_timeout_non_prote1
[2026-08-21T06:36:08+08:00] [ERROR] component=pretooluse-guard guard timed out after 5s | cwd=/private/var/folders/yl/qz0xdxvs36s_jr46sp_l9skh0000gn/T/pytest-of-busiji/pytest-140/popen-gw3/test_gateway_timeout_protected1
[2026-08-21T06:36:08+08:00] [ERROR] component=pretooluse-guard guard execution failed | error="guard crashed"
[2026-08-21T06:36:08+08:00] [ERROR] component=pretooluse-guard guard timed out after 5s | cwd=/private/var/folders/yl/qz0xdxvs36s_jr46sp_l9skh0000gn/T/pytest-of-busiji/pytest-140/popen-gw3/test_gateway_handles_json_arra0
[2026-08-21T06:36:08+08:00] [ERROR] component=pretooluse-guard guard timed out after 5s | cwd=/private/var/folders/yl/qz0xdxvs36s_jr46sp_l9skh0000gn/T/pytest-of-busiji/pytest-140/popen-gw3/test_gateway_fail_closed_redac0
[2026-08-21T06:36:08+08:00] [ERROR] component=pretooluse-guard guard timed out after 5s | cwd=/private/var/folders/yl/qz0xdxvs36s_jr46sp_l9skh0000gn/T/pytest-of-busiji/pytest-140/popen-gw3/test_gateway_fail_closed_write0
[2026-08-21T06:36:08+08:00] [ERROR] component=pretooluse-guard guard execution failed | error="guard crashed"
[2026-08-21T06:36:57+08:00] [ERROR] component=test_component test message | key=value
[2026-08-21T06:36:57+08:00] [ERROR] component=test_component test message | key=value
[2026-08-21T06:37:51+08:00] [ERROR] component=health-check Project health degraded (from previous check) | status=degraded validation_errors="[\"error1\", \"error2\", \"error3\"]"
[2026-08-21T06:37:51+08:00] [ERROR] component=health-check Project health degraded (from previous check) | status=degraded validation_errors="[\"error_0\", \"error_1\", \"error_2\", \"error_3\", \"error_4\", \"error_5\", \"error_6\", \"error_7\", \"error_8\", \"error_9\"]"
[2026-08-21T06:37:56+08:00] [ERROR] component=memory-hook-gateway delegate preflight failed | cwd=/private/var/folders/yl/qz0xdxvs36s_jr46sp_l9skh0000gn/T/pytest-of-busiji/pytest-142/popen-gw5/test_degraded_package_on_prefl0 error="preflight failed" event=session-start host=codex
[2026-08-21T06:37:57+08:00] [ERROR] component=pretooluse-guard guard timed out after 5s | cwd=/private/var/folders/yl/qz0xdxvs36s_jr46sp_l9skh0000gn/T/pytest-of-busiji/pytest-142/popen-gw4/test_gateway_timeout_protected0
[2026-08-21T06:37:57+08:00] [ERROR] component=pretooluse-guard guard execution failed | error="guard crashed"
[2026-08-21T06:37:57+08:00] [ERROR] component=pretooluse-guard guard timed out after 5s | cwd=/private/var/folders/yl/qz0xdxvs36s_jr46sp_l9skh0000gn/T/pytest-of-busiji/pytest-142/popen-gw4/test_gateway_timeout_non_prote0
[2026-08-21T06:37:57+08:00] [ERROR] component=pretooluse-guard guard timed out after 5s | cwd=/private/var/folders/yl/qz0xdxvs36s_jr46sp_l9skh0000gn/T/pytest-of-busiji/pytest-142/popen-gw4/test_gateway_fail_closed_redac0
[2026-08-21T06:37:57+08:00] [ERROR] component=pretooluse-guard guard timed out after 5s | cwd=/private/var/folders/yl/qz0xdxvs36s_jr46sp_l9skh0000gn/T/pytest-of-busiji/pytest-142/popen-gw4/test_gateway_handles_json_arra0
[2026-08-21T06:37:58+08:00] [ERROR] component=pretooluse-guard guard timed out after 5s | cwd=/private/var/folders/yl/qz0xdxvs36s_jr46sp_l9skh0000gn/T/pytest-of-busiji/pytest-142/popen-gw4/test_gateway_fail_closed_write0
[2026-08-21T06:37:58+08:00] [ERROR] component=pretooluse-guard guard execution failed | error="guard crashed"
[2026-08-21T06:38:09+08:00] [ERROR] component=pretooluse-guard guard execution failed | error="Guard crashed"
[2026-08-21T06:38:09+08:00] [ERROR] component=pretooluse-guard guard timed out after 5s | cwd=/private/var/folders/yl/qz0xdxvs36s_jr46sp_l9skh0000gn/T/pytest-of-busiji/pytest-142/popen-gw3/test_gateway_timeout_protected0
[2026-08-21T06:38:09+08:00] [ERROR] component=pretooluse-guard guard timed out after 5s | cwd=/private/var/folders/yl/qz0xdxvs36s_jr46sp_l9skh0000gn/T/pytest-of-busiji/pytest-142/popen-gw3/test_gateway_timeout_non_prote0
[2026-08-21T06:38:09+08:00] [ERROR] component=pretooluse-guard guard execution failed | error="Guard crashed"
[2026-08-21T06:38:20+08:00] [ERROR] component=test_component test message | key=value
[2026-08-21T06:38:20+08:00] [ERROR] component=test_component test message | key=value
[2026-08-21T06:39:10+08:00] [ERROR] component=test_component test message | key=value
[2026-08-21T06:39:10+08:00] [ERROR] component=test_component test message | key=value
[2026-08-21T06:39:19+08:00] [ERROR] component=health-check Project health degraded (from previous check) | status=degraded validation_errors="[\"error_0\", \"error_1\", \"error_2\", \"error_3\", \"error_4\", \"error_5\", \"error_6\", \"error_7\", \"error_8\", \"error_9\"]"
[2026-08-21T06:39:19+08:00] [ERROR] component=health-check Project health degraded (from previous check) | status=degraded validation_errors="[\"error1\", \"error2\", \"error3\"]"
[2026-08-21T06:39:25+08:00] [ERROR] component=pretooluse-guard guard timed out after 5s | cwd=/private/var/folders/yl/qz0xdxvs36s_jr46sp_l9skh0000gn/T/pytest-of-busiji/pytest-144/popen-gw1/test_gateway_handles_json_arra0
[2026-08-21T06:39:25+08:00] [ERROR] component=pretooluse-guard guard timed out after 5s | cwd=/private/var/folders/yl/qz0xdxvs36s_jr46sp_l9skh0000gn/T/pytest-of-busiji/pytest-144/popen-gw1/test_gateway_fail_closed_redac0
[2026-08-21T06:39:25+08:00] [ERROR] component=pretooluse-guard guard timed out after 5s | cwd=/private/var/folders/yl/qz0xdxvs36s_jr46sp_l9skh0000gn/T/pytest-of-busiji/pytest-144/popen-gw1/test_gateway_timeout_protected0
[2026-08-21T06:39:25+08:00] [ERROR] component=pretooluse-guard guard timed out after 5s | cwd=/private/var/folders/yl/qz0xdxvs36s_jr46sp_l9skh0000gn/T/pytest-of-busiji/pytest-144/popen-gw1/test_gateway_timeout_non_prote0
[2026-08-21T06:39:25+08:00] [ERROR] component=pretooluse-guard guard execution failed | error="guard crashed"
[2026-08-21T06:39:25+08:00] [ERROR] component=pretooluse-guard guard timed out after 5s | cwd=/private/var/folders/yl/qz0xdxvs36s_jr46sp_l9skh0000gn/T/pytest-of-busiji/pytest-144/popen-gw1/test_gateway_fail_closed_write0
[2026-08-21T06:39:25+08:00] [ERROR] component=pretooluse-guard guard execution failed | error="guard crashed"
[2026-08-21T06:39:41+08:00] [ERROR] component=pretooluse-guard guard execution failed | error="Guard crashed"
[2026-08-21T06:39:41+08:00] [ERROR] component=pretooluse-guard guard timed out after 5s | cwd=/private/var/folders/yl/qz0xdxvs36s_jr46sp_l9skh0000gn/T/pytest-of-busiji/pytest-144/popen-gw2/test_gateway_timeout_non_prote0
[2026-08-21T06:39:42+08:00] [ERROR] component=pretooluse-guard guard timed out after 5s | cwd=/private/var/folders/yl/qz0xdxvs36s_jr46sp_l9skh0000gn/T/pytest-of-busiji/pytest-144/popen-gw2/test_gateway_timeout_protected0
[2026-08-21T06:39:42+08:00] [ERROR] component=pretooluse-guard guard execution failed | error="Guard crashed"
[2026-08-21T06:39:47+08:00] [ERROR] component=memory-hook-gateway delegate preflight failed | cwd=/private/var/folders/yl/qz0xdxvs36s_jr46sp_l9skh0000gn/T/pytest-of-busiji/pytest-144/popen-gw2/test_degraded_package_on_prefl0 error="preflight failed" event=session-start host=codex
[2026-08-21T06:40:02+08:00] [ERROR] component=health-check Project health degraded (from previous check) | status=degraded validation_errors="[\"error1\", \"error2\", \"error3\"]"
[2026-08-21T06:40:02+08:00] [ERROR] component=health-check Project health degraded (from previous check) | status=degraded validation_errors="[\"error_0\", \"error_1\", \"error_2\", \"error_3\", \"error_4\", \"error_5\", \"error_6\", \"error_7\", \"error_8\", \"error_9\"]"
[2026-08-21T06:40:21+08:00] [ERROR] component=pretooluse-guard guard timed out after 5s | cwd=/private/var/folders/yl/qz0xdxvs36s_jr46sp_l9skh0000gn/T/pytest-of-busiji/pytest-146/popen-gw0/test_gateway_handles_json_arra0
[2026-08-21T06:40:21+08:00] [ERROR] component=memory-hook-gateway delegate preflight failed | cwd=/private/var/folders/yl/qz0xdxvs36s_jr46sp_l9skh0000gn/T/pytest-of-busiji/pytest-146/popen-gw0/test_degraded_package_on_prefl0 error="preflight failed" event=session-start host=codex
[2026-08-21T06:40:27+08:00] [ERROR] component=pretooluse-guard guard timed out after 5s | cwd=/private/var/folders/yl/qz0xdxvs36s_jr46sp_l9skh0000gn/T/pytest-of-busiji/pytest-146/popen-gw3/test_gateway_fail_closed_write0
[2026-08-21T06:40:27+08:00] [ERROR] component=pretooluse-guard guard execution failed | error="guard crashed"
[2026-08-21T06:40:27+08:00] [ERROR] component=pretooluse-guard guard timed out after 5s | cwd=/private/var/folders/yl/qz0xdxvs36s_jr46sp_l9skh0000gn/T/pytest-of-busiji/pytest-146/popen-gw3/test_gateway_fail_closed_redac0
[2026-08-21T06:40:27+08:00] [ERROR] component=pretooluse-guard guard timed out after 5s | cwd=/private/var/folders/yl/qz0xdxvs36s_jr46sp_l9skh0000gn/T/pytest-of-busiji/pytest-146/popen-gw3/test_gateway_timeout_non_prote0
[2026-08-21T06:40:27+08:00] [ERROR] component=pretooluse-guard guard execution failed | error="guard crashed"
[2026-08-21T06:40:27+08:00] [ERROR] component=pretooluse-guard guard timed out after 5s | cwd=/private/var/folders/yl/qz0xdxvs36s_jr46sp_l9skh0000gn/T/pytest-of-busiji/pytest-146/popen-gw3/test_gateway_timeout_protected0
[2026-08-21T06:40:31+08:00] [ERROR] component=pretooluse-guard guard execution failed | error="Guard crashed"
[2026-08-21T06:40:31+08:00] [ERROR] component=pretooluse-guard guard timed out after 5s | cwd=/private/var/folders/yl/qz0xdxvs36s_jr46sp_l9skh0000gn/T/pytest-of-busiji/pytest-146/popen-gw1/test_gateway_timeout_non_prote0
[2026-08-21T06:40:31+08:00] [ERROR] component=pretooluse-guard guard execution failed | error="Guard crashed"
[2026-08-21T06:40:31+08:00] [ERROR] component=pretooluse-guard guard timed out after 5s | cwd=/private/var/folders/yl/qz0xdxvs36s_jr46sp_l9skh0000gn/T/pytest-of-busiji/pytest-146/popen-gw1/test_gateway_timeout_protected0
[2026-08-21T06:40:47+08:00] [ERROR] component=test_component test message | key=value
[2026-08-21T06:40:48+08:00] [ERROR] component=test_component test message | key=value
[2026-08-21T06:41:01+08:00] [ERROR] component=test_component test message | key=value
[2026-08-21T06:41:01+08:00] [ERROR] component=test_component test message | key=value
[2026-08-21T06:41:13+08:00] [ERROR] component=memory-hook-gateway delegate preflight failed | cwd=/private/var/folders/yl/qz0xdxvs36s_jr46sp_l9skh0000gn/T/pytest-of-busiji/pytest-148/popen-gw4/test_degraded_package_on_prefl0 error="preflight failed" event=session-start host=codex
[2026-08-21T06:41:19+08:00] [ERROR] component=pretooluse-guard guard execution failed | error="guard crashed"
[2026-08-21T06:41:19+08:00] [ERROR] component=pretooluse-guard guard timed out after 5s | cwd=/private/var/folders/yl/qz0xdxvs36s_jr46sp_l9skh0000gn/T/pytest-of-busiji/pytest-148/popen-gw3/test_gateway_timeout_protected0
[2026-08-21T06:41:19+08:00] [ERROR] component=pretooluse-guard guard timed out after 5s | cwd=/private/var/folders/yl/qz0xdxvs36s_jr46sp_l9skh0000gn/T/pytest-of-busiji/pytest-148/popen-gw3/test_gateway_timeout_non_prote0
[2026-08-21T06:41:19+08:00] [ERROR] component=pretooluse-guard guard timed out after 5s | cwd=/private/var/folders/yl/qz0xdxvs36s_jr46sp_l9skh0000gn/T/pytest-of-busiji/pytest-148/popen-gw3/test_gateway_handles_json_arra0
[2026-08-21T06:41:19+08:00] [ERROR] component=pretooluse-guard guard execution failed | error="guard crashed"
[2026-08-21T06:41:19+08:00] [ERROR] component=pretooluse-guard guard timed out after 5s | cwd=/private/var/folders/yl/qz0xdxvs36s_jr46sp_l9skh0000gn/T/pytest-of-busiji/pytest-148/popen-gw3/test_gateway_fail_closed_write1
[2026-08-21T06:41:19+08:00] [ERROR] component=pretooluse-guard guard timed out after 5s | cwd=/private/var/folders/yl/qz0xdxvs36s_jr46sp_l9skh0000gn/T/pytest-of-busiji/pytest-148/popen-gw3/test_gateway_fail_closed_redac0
[2026-08-21T06:41:22+08:00] [ERROR] component=health-check Project health degraded (from previous check) | status=degraded validation_errors="[\"error_0\", \"error_1\", \"error_2\", \"error_3\", \"error_4\", \"error_5\", \"error_6\", \"error_7\", \"error_8\", \"error_9\"]"
[2026-08-21T06:41:22+08:00] [ERROR] component=health-check Project health degraded (from previous check) | status=degraded validation_errors="[\"error1\", \"error2\", \"error3\"]"
[2026-08-21T06:41:36+08:00] [ERROR] component=pretooluse-guard guard timed out after 5s | cwd=/private/var/folders/yl/qz0xdxvs36s_jr46sp_l9skh0000gn/T/pytest-of-busiji/pytest-148/popen-gw2/test_gateway_timeout_non_prote0
[2026-08-21T06:41:36+08:00] [ERROR] component=pretooluse-guard guard execution failed | error="Guard crashed"
[2026-08-21T06:41:36+08:00] [ERROR] component=pretooluse-guard guard timed out after 5s | cwd=/private/var/folders/yl/qz0xdxvs36s_jr46sp_l9skh0000gn/T/pytest-of-busiji/pytest-148/popen-gw2/test_gateway_timeout_protected0
[2026-08-21T06:41:36+08:00] [ERROR] component=pretooluse-guard guard execution failed | error="Guard crashed"
[2026-08-21T06:42:07+08:00] [ERROR] component=pretooluse-guard guard timed out after 5s | cwd=/private/var/folders/yl/qz0xdxvs36s_jr46sp_l9skh0000gn/T/pytest-of-busiji/pytest-151/popen-gw1/test_gateway_handles_json_arra0
[2026-08-21T06:42:07+08:00] [ERROR] component=pretooluse-guard guard timed out after 5s | cwd=/private/var/folders/yl/qz0xdxvs36s_jr46sp_l9skh0000gn/T/pytest-of-busiji/pytest-151/popen-gw1/test_gateway_timeout_protected0
[2026-08-21T06:42:07+08:00] [ERROR] component=pretooluse-guard guard timed out after 5s | cwd=/private/var/folders/yl/qz0xdxvs36s_jr46sp_l9skh0000gn/T/pytest-of-busiji/pytest-151/popen-gw1/test_gateway_timeout_non_prote0
[2026-08-21T06:42:07+08:00] [ERROR] component=pretooluse-guard guard execution failed | error="guard crashed"
[2026-08-21T06:42:07+08:00] [ERROR] component=pretooluse-guard guard timed out after 5s | cwd=/private/var/folders/yl/qz0xdxvs36s_jr46sp_l9skh0000gn/T/pytest-of-busiji/pytest-151/popen-gw1/test_gateway_fail_closed_write0
[2026-08-21T06:42:07+08:00] [ERROR] component=pretooluse-guard guard execution failed | error="guard crashed"
[2026-08-21T06:42:07+08:00] [ERROR] component=pretooluse-guard guard timed out after 5s | cwd=/private/var/folders/yl/qz0xdxvs36s_jr46sp_l9skh0000gn/T/pytest-of-busiji/pytest-151/popen-gw1/test_gateway_fail_closed_redac0
[2026-08-21T06:42:11+08:00] [ERROR] component=health-check Project health degraded (from previous check) | status=degraded validation_errors="[\"error1\", \"error2\", \"error3\"]"
[2026-08-21T06:42:11+08:00] [ERROR] component=health-check Project health degraded (from previous check) | status=degraded validation_errors="[\"error_0\", \"error_1\", \"error_2\", \"error_3\", \"error_4\", \"error_5\", \"error_6\", \"error_7\", \"error_8\", \"error_9\"]"
[2026-08-21T06:42:30+08:00] [ERROR] component=memory-hook-gateway delegate preflight failed | cwd=/private/var/folders/yl/qz0xdxvs36s_jr46sp_l9skh0000gn/T/pytest-of-busiji/pytest-151/popen-gw0/test_degraded_package_on_prefl0 error="preflight failed" event=session-start host=codex
[2026-08-21T06:42:31+08:00] [ERROR] component=pretooluse-guard guard execution failed | error="Guard crashed"
[2026-08-21T06:42:31+08:00] [ERROR] component=pretooluse-guard guard timed out after 5s | cwd=/private/var/folders/yl/qz0xdxvs36s_jr46sp_l9skh0000gn/T/pytest-of-busiji/pytest-151/popen-gw0/test_gateway_timeout_non_prote0
[2026-08-21T06:42:31+08:00] [ERROR] component=pretooluse-guard guard execution failed | error="Guard crashed"
[2026-08-21T06:42:31+08:00] [ERROR] component=pretooluse-guard guard timed out after 5s | cwd=/private/var/folders/yl/qz0xdxvs36s_jr46sp_l9skh0000gn/T/pytest-of-busiji/pytest-151/popen-gw0/test_gateway_timeout_protected0
[2026-08-21T06:42:39+08:00] [ERROR] component=pretooluse-guard guard timed out after 5s | cwd=/private/var/folders/yl/qz0xdxvs36s_jr46sp_l9skh0000gn/T/pytest-of-busiji/pytest-153/popen-gw3/test_gateway_timeout_protected0
[2026-08-21T06:42:39+08:00] [ERROR] component=pretooluse-guard guard execution failed | error="Guard crashed"
[2026-08-21T06:42:39+08:00] [ERROR] component=pretooluse-guard guard execution failed | error="Guard crashed"
[2026-08-21T06:42:39+08:00] [ERROR] component=pretooluse-guard guard timed out after 5s | cwd=/private/var/folders/yl/qz0xdxvs36s_jr46sp_l9skh0000gn/T/pytest-of-busiji/pytest-153/popen-gw3/test_gateway_timeout_non_prote0
[2026-08-21T06:42:41+08:00] [ERROR] component=health-check Project health degraded (from previous check) | status=degraded validation_errors="[\"error_0\", \"error_1\", \"error_2\", \"error_3\", \"error_4\", \"error_5\", \"error_6\", \"error_7\", \"error_8\", \"error_9\"]"
[2026-08-21T06:42:41+08:00] [ERROR] component=health-check Project health degraded (from previous check) | status=degraded validation_errors="[\"error1\", \"error2\", \"error3\"]"
[2026-08-21T06:42:47+08:00] [ERROR] component=test_component test message | key=value
[2026-08-21T06:42:47+08:00] [ERROR] component=test_component test message | key=value
[2026-08-21T06:42:57+08:00] [ERROR] component=test_component test message | key=value
[2026-08-21T06:42:57+08:00] [ERROR] component=test_component test message | key=value
[2026-08-21T06:43:05+08:00] [ERROR] component=memory-hook-gateway delegate preflight failed | cwd=/private/var/folders/yl/qz0xdxvs36s_jr46sp_l9skh0000gn/T/pytest-of-busiji/pytest-153/popen-gw5/test_degraded_package_on_prefl0 error="preflight failed" event=session-start host=codex
[2026-08-21T06:43:20+08:00] [ERROR] component=pretooluse-guard guard timed out after 5s | cwd=/private/var/folders/yl/qz0xdxvs36s_jr46sp_l9skh0000gn/T/pytest-of-busiji/pytest-153/popen-gw0/test_gateway_fail_closed_write0
[2026-08-21T06:43:20+08:00] [ERROR] component=pretooluse-guard guard execution failed | error="guard crashed"
[2026-08-21T06:43:20+08:00] [ERROR] component=pretooluse-guard guard timed out after 5s | cwd=/private/var/folders/yl/qz0xdxvs36s_jr46sp_l9skh0000gn/T/pytest-of-busiji/pytest-153/popen-gw0/test_gateway_fail_closed_redac0
[2026-08-21T06:43:20+08:00] [ERROR] component=pretooluse-guard guard timed out after 5s | cwd=/private/var/folders/yl/qz0xdxvs36s_jr46sp_l9skh0000gn/T/pytest-of-busiji/pytest-153/popen-gw0/test_gateway_timeout_non_prote0
[2026-08-21T06:43:20+08:00] [ERROR] component=pretooluse-guard guard execution failed | error="guard crashed"
[2026-08-21T06:43:20+08:00] [ERROR] component=pretooluse-guard guard timed out after 5s | cwd=/private/var/folders/yl/qz0xdxvs36s_jr46sp_l9skh0000gn/T/pytest-of-busiji/pytest-153/popen-gw0/test_gateway_timeout_protected0
[2026-08-21T06:43:20+08:00] [ERROR] component=pretooluse-guard guard timed out after 5s | cwd=/private/var/folders/yl/qz0xdxvs36s_jr46sp_l9skh0000gn/T/pytest-of-busiji/pytest-153/popen-gw0/test_gateway_handles_json_arra0
[2026-08-21T06:43:40+08:00] [ERROR] component=pretooluse-guard guard timed out after 5s | cwd=/private/var/folders/yl/qz0xdxvs36s_jr46sp_l9skh0000gn/T/pytest-of-busiji/pytest-155/popen-gw3/test_gateway_timeout_protected0
[2026-08-21T06:43:40+08:00] [ERROR] component=pretooluse-guard guard timed out after 5s | cwd=/private/var/folders/yl/qz0xdxvs36s_jr46sp_l9skh0000gn/T/pytest-of-busiji/pytest-155/popen-gw3/test_gateway_timeout_non_prote0
[2026-08-21T06:43:40+08:00] [ERROR] component=pretooluse-guard guard execution failed | error="Guard crashed"
[2026-08-21T06:43:40+08:00] [ERROR] component=pretooluse-guard guard execution failed | error="Guard crashed"
[2026-08-21T06:43:56+08:00] [ERROR] component=memory-hook-gateway delegate preflight failed | cwd=/private/var/folders/yl/qz0xdxvs36s_jr46sp_l9skh0000gn/T/pytest-of-busiji/pytest-155/popen-gw1/test_degraded_package_on_prefl0 error="preflight failed" event=session-start host=codex
[2026-08-21T06:43:56+08:00] [ERROR] component=test_component test message | key=value
[2026-08-21T06:44:08+08:00] [ERROR] component=health-check Project health degraded (from previous check) | status=degraded validation_errors="[\"error1\", \"error2\", \"error3\"]"
[2026-08-21T06:44:08+08:00] [ERROR] component=health-check Project health degraded (from previous check) | status=degraded validation_errors="[\"error_0\", \"error_1\", \"error_2\", \"error_3\", \"error_4\", \"error_5\", \"error_6\", \"error_7\", \"error_8\", \"error_9\"]"
[2026-08-21T06:44:17+08:00] [ERROR] component=pretooluse-guard guard timed out after 5s | cwd=/private/var/folders/yl/qz0xdxvs36s_jr46sp_l9skh0000gn/T/pytest-of-busiji/pytest-155/popen-gw5/test_gateway_fail_closed_write0
[2026-08-21T06:44:17+08:00] [ERROR] component=pretooluse-guard guard execution failed | error="guard crashed"
[2026-08-21T06:44:17+08:00] [ERROR] component=pretooluse-guard guard timed out after 5s | cwd=/private/var/folders/yl/qz0xdxvs36s_jr46sp_l9skh0000gn/T/pytest-of-busiji/pytest-155/popen-gw5/test_gateway_handles_json_arra0
[2026-08-21T06:44:17+08:00] [ERROR] component=pretooluse-guard guard timed out after 5s | cwd=/private/var/folders/yl/qz0xdxvs36s_jr46sp_l9skh0000gn/T/pytest-of-busiji/pytest-155/popen-gw5/test_gateway_timeout_non_prote0
[2026-08-21T06:44:17+08:00] [ERROR] component=pretooluse-guard guard execution failed | error="guard crashed"
[2026-08-21T06:44:17+08:00] [ERROR] component=pretooluse-guard guard timed out after 5s | cwd=/private/var/folders/yl/qz0xdxvs36s_jr46sp_l9skh0000gn/T/pytest-of-busiji/pytest-155/popen-gw5/test_gateway_timeout_protected0
[2026-08-21T06:44:33+08:00] [ERROR] component=test_component test message | key=value
[2026-08-21T06:45:17+08:00] [ERROR] component=memory-hook-gateway delegate preflight failed | cwd=/private/var/folders/yl/qz0xdxvs36s_jr46sp_l9skh0000gn/T/pytest-of-busiji/pytest-165/popen-gw0/test_degraded_package_on_prefl0 error="preflight failed" event=session-start host=codex
[2026-08-21T06:45:38+08:00] [ERROR] component=pretooluse-guard guard execution failed | error="Guard crashed"
[2026-08-21T06:45:38+08:00] [ERROR] component=pretooluse-guard guard timed out after 5s | cwd=/private/var/folders/yl/qz0xdxvs36s_jr46sp_l9skh0000gn/T/pytest-of-busiji/pytest-166/popen-gw4/test_gateway_timeout_non_prote0
[2026-08-21T06:45:38+08:00] [ERROR] component=pretooluse-guard guard execution failed | error="Guard crashed"
[2026-08-21T06:45:38+08:00] [ERROR] component=pretooluse-guard guard timed out after 5s | cwd=/private/var/folders/yl/qz0xdxvs36s_jr46sp_l9skh0000gn/T/pytest-of-busiji/pytest-166/popen-gw4/test_gateway_timeout_protected0
[2026-08-21T06:45:43+08:00] [ERROR] component=memory-hook-gateway delegate preflight failed | cwd=/private/var/folders/yl/qz0xdxvs36s_jr46sp_l9skh0000gn/T/pytest-of-busiji/pytest-166/popen-gw5/test_degraded_package_on_prefl0 error="preflight failed" event=session-start host=codex
[2026-08-21T06:45:45+08:00] [ERROR] component=health-check Project health degraded (from previous check) | status=degraded validation_errors="[\"error1\", \"error2\", \"error3\"]"
[2026-08-21T06:45:45+08:00] [ERROR] component=health-check Project health degraded (from previous check) | status=degraded validation_errors="[\"error_0\", \"error_1\", \"error_2\", \"error_3\", \"error_4\", \"error_5\", \"error_6\", \"error_7\", \"error_8\", \"error_9\"]"
[2026-08-21T06:45:59+08:00] [ERROR] component=pretooluse-guard guard timed out after 5s | cwd=/private/var/folders/yl/qz0xdxvs36s_jr46sp_l9skh0000gn/T/pytest-of-busiji/pytest-165/popen-gw1/test_gateway_fail_closed_redac0
[2026-08-21T06:45:59+08:00] [ERROR] component=pretooluse-guard guard timed out after 5s | cwd=/private/var/folders/yl/qz0xdxvs36s_jr46sp_l9skh0000gn/T/pytest-of-busiji/pytest-165/popen-gw1/test_gateway_handles_json_arra0
[2026-08-21T06:45:59+08:00] [ERROR] component=test_component test message | key=value
[2026-08-21T06:45:59+08:00] [ERROR] component=pretooluse-guard guard execution failed | error="guard crashed"
[2026-08-21T06:45:59+08:00] [ERROR] component=pretooluse-guard guard timed out after 5s | cwd=/private/var/folders/yl/qz0xdxvs36s_jr46sp_l9skh0000gn/T/pytest-of-busiji/pytest-165/popen-gw1/test_gateway_timeout_protected0
[2026-08-21T06:46:00+08:00] [ERROR] component=pretooluse-guard guard timed out after 5s | cwd=/private/var/folders/yl/qz0xdxvs36s_jr46sp_l9skh0000gn/T/pytest-of-busiji/pytest-165/popen-gw1/test_gateway_timeout_non_prote0
[2026-08-21T06:46:00+08:00] [ERROR] component=test_component test message | key=value
[2026-08-21T06:46:00+08:00] [ERROR] component=pretooluse-guard guard execution failed | error="guard crashed"
[2026-08-21T06:46:00+08:00] [ERROR] component=pretooluse-guard guard timed out after 5s | cwd=/private/var/folders/yl/qz0xdxvs36s_jr46sp_l9skh0000gn/T/pytest-of-busiji/pytest-165/popen-gw1/test_gateway_fail_closed_write1
[2026-08-21T06:46:04+08:00] [ERROR] component=pretooluse-guard guard timed out after 5s | cwd=/private/var/folders/yl/qz0xdxvs36s_jr46sp_l9skh0000gn/T/pytest-of-busiji/pytest-165/popen-gw2/test_gateway_timeout_protected0
[2026-08-21T06:46:04+08:00] [ERROR] component=pretooluse-guard guard execution failed | error="Guard crashed"
[2026-08-21T06:46:04+08:00] [ERROR] component=pretooluse-guard guard timed out after 5s | cwd=/private/var/folders/yl/qz0xdxvs36s_jr46sp_l9skh0000gn/T/pytest-of-busiji/pytest-165/popen-gw2/test_gateway_timeout_non_prote0
[2026-08-21T06:46:04+08:00] [ERROR] component=pretooluse-guard guard execution failed | error="Guard crashed"
[2026-08-21T06:46:05+08:00] [ERROR] component=pretooluse-guard guard execution failed | error="guard crashed"
[2026-08-21T06:46:05+08:00] [ERROR] component=pretooluse-guard guard timed out after 5s | cwd=/private/var/folders/yl/qz0xdxvs36s_jr46sp_l9skh0000gn/T/pytest-of-busiji/pytest-166/popen-gw5/test_gateway_fail_closed_write1
[2026-08-21T06:46:05+08:00] [ERROR] component=pretooluse-guard guard timed out after 5s | cwd=/private/var/folders/yl/qz0xdxvs36s_jr46sp_l9skh0000gn/T/pytest-of-busiji/pytest-166/popen-gw5/test_gateway_timeout_non_prote0
[2026-08-21T06:46:05+08:00] [ERROR] component=pretooluse-guard guard timed out after 5s | cwd=/private/var/folders/yl/qz0xdxvs36s_jr46sp_l9skh0000gn/T/pytest-of-busiji/pytest-166/popen-gw5/test_gateway_timeout_protected0
[2026-08-21T06:46:05+08:00] [ERROR] component=pretooluse-guard guard execution failed | error="guard crashed"
[2026-08-21T06:46:06+08:00] [ERROR] component=pretooluse-guard guard timed out after 5s | cwd=/private/var/folders/yl/qz0xdxvs36s_jr46sp_l9skh0000gn/T/pytest-of-busiji/pytest-166/popen-gw5/test_gateway_fail_closed_redac0
[2026-08-21T06:46:06+08:00] [ERROR] component=pretooluse-guard guard timed out after 5s | cwd=/private/var/folders/yl/qz0xdxvs36s_jr46sp_l9skh0000gn/T/pytest-of-busiji/pytest-166/popen-gw5/test_gateway_handles_json_arra0
[2026-08-21T06:46:31+08:00] [ERROR] component=health-check Project health degraded (from previous check) | status=degraded validation_errors="[\"error1\", \"error2\", \"error3\"]"
[2026-08-21T06:46:31+08:00] [ERROR] component=health-check Project health degraded (from previous check) | status=degraded validation_errors="[\"error_0\", \"error_1\", \"error_2\", \"error_3\", \"error_4\", \"error_5\", \"error_6\", \"error_7\", \"error_8\", \"error_9\"]"
[2026-08-21T06:46:56+08:00] [ERROR] component=test_component test message | key=value
[2026-08-21T06:46:56+08:00] [ERROR] component=test_component test message | key=value
[2026-08-21T06:48:38+08:00] [ERROR] component=pretooluse-guard guard timed out after 5s | cwd=/private/var/folders/yl/qz0xdxvs36s_jr46sp_l9skh0000gn/T/pytest-of-busiji/pytest-169/popen-gw5/test_gateway_fail_closed_write0
[2026-08-21T06:48:38+08:00] [ERROR] component=pretooluse-guard guard execution failed | error="guard crashed"
[2026-08-21T06:48:38+08:00] [ERROR] component=pretooluse-guard guard timed out after 5s | cwd=/private/var/folders/yl/qz0xdxvs36s_jr46sp_l9skh0000gn/T/pytest-of-busiji/pytest-169/popen-gw5/test_gateway_fail_closed_redac0
[2026-08-21T06:48:38+08:00] [ERROR] component=pretooluse-guard guard timed out after 5s | cwd=/private/var/folders/yl/qz0xdxvs36s_jr46sp_l9skh0000gn/T/pytest-of-busiji/pytest-169/popen-gw5/test_gateway_handles_json_arra0
[2026-08-21T06:48:38+08:00] [ERROR] component=pretooluse-guard guard execution failed | error="guard crashed"
[2026-08-21T06:48:38+08:00] [ERROR] component=pretooluse-guard guard timed out after 5s | cwd=/private/var/folders/yl/qz0xdxvs36s_jr46sp_l9skh0000gn/T/pytest-of-busiji/pytest-169/popen-gw5/test_gateway_timeout_non_prote0
[2026-08-21T06:48:38+08:00] [ERROR] component=pretooluse-guard guard timed out after 5s | cwd=/private/var/folders/yl/qz0xdxvs36s_jr46sp_l9skh0000gn/T/pytest-of-busiji/pytest-169/popen-gw5/test_gateway_timeout_protected0
[2026-08-21T06:48:38+08:00] [ERROR] component=memory-hook-gateway delegate preflight failed | cwd=/private/var/folders/yl/qz0xdxvs36s_jr46sp_l9skh0000gn/T/pytest-of-busiji/pytest-169/popen-gw5/test_degraded_package_on_prefl0 error="preflight failed" event=session-start host=codex
[2026-08-21T06:48:48+08:00] [ERROR] component=health-check Project health degraded (from previous check) | status=degraded validation_errors="[\"error_0\", \"error_1\", \"error_2\", \"error_3\", \"error_4\", \"error_5\", \"error_6\", \"error_7\", \"error_8\", \"error_9\"]"
[2026-08-21T06:48:49+08:00] [ERROR] component=health-check Project health degraded (from previous check) | status=degraded validation_errors="[\"error1\", \"error2\", \"error3\"]"
[2026-08-21T06:48:53+08:00] [ERROR] component=pretooluse-guard guard timed out after 5s | cwd=/private/var/folders/yl/qz0xdxvs36s_jr46sp_l9skh0000gn/T/pytest-of-busiji/pytest-170/popen-gw0/test_gateway_handles_json_arra0
[2026-08-21T06:48:53+08:00] [ERROR] component=pretooluse-guard guard timed out after 5s | cwd=/private/var/folders/yl/qz0xdxvs36s_jr46sp_l9skh0000gn/T/pytest-of-busiji/pytest-170/popen-gw0/test_gateway_fail_closed_redac0
[2026-08-21T06:48:53+08:00] [ERROR] component=pretooluse-guard guard timed out after 5s | cwd=/private/var/folders/yl/qz0xdxvs36s_jr46sp_l9skh0000gn/T/pytest-of-busiji/pytest-170/popen-gw0/test_gateway_fail_closed_write0
[2026-08-21T06:48:53+08:00] [ERROR] component=pretooluse-guard guard execution failed | error="guard crashed"
[2026-08-21T06:48:53+08:00] [ERROR] component=pretooluse-guard guard execution failed | error="guard crashed"
[2026-08-21T06:48:53+08:00] [ERROR] component=pretooluse-guard guard timed out after 5s | cwd=/private/var/folders/yl/qz0xdxvs36s_jr46sp_l9skh0000gn/T/pytest-of-busiji/pytest-170/popen-gw0/test_gateway_timeout_protected0
[2026-08-21T06:48:53+08:00] [ERROR] component=pretooluse-guard guard timed out after 5s | cwd=/private/var/folders/yl/qz0xdxvs36s_jr46sp_l9skh0000gn/T/pytest-of-busiji/pytest-170/popen-gw0/test_gateway_timeout_non_prote0
[2026-08-21T06:48:59+08:00] [ERROR] component=test_component test message | key=value
[2026-08-21T06:48:59+08:00] [ERROR] component=test_component test message | key=value
[2026-08-21T06:49:02+08:00] [ERROR] component=pretooluse-guard guard execution failed | error="Guard crashed"
[2026-08-21T06:49:02+08:00] [ERROR] component=pretooluse-guard guard timed out after 5s | cwd=/private/var/folders/yl/qz0xdxvs36s_jr46sp_l9skh0000gn/T/pytest-of-busiji/pytest-170/popen-gw2/test_gateway_timeout_non_prote0
[2026-08-21T06:49:02+08:00] [ERROR] component=pretooluse-guard guard timed out after 5s | cwd=/private/var/folders/yl/qz0xdxvs36s_jr46sp_l9skh0000gn/T/pytest-of-busiji/pytest-170/popen-gw2/test_gateway_timeout_protected0
[2026-08-21T06:49:02+08:00] [ERROR] component=pretooluse-guard guard execution failed | error="Guard crashed"
[2026-08-21T06:49:02+08:00] [ERROR] component=memory-hook-gateway delegate preflight failed | cwd=/private/var/folders/yl/qz0xdxvs36s_jr46sp_l9skh0000gn/T/pytest-of-busiji/pytest-170/popen-gw2/test_degraded_package_on_prefl0 error="preflight failed" event=session-start host=codex
[2026-08-21T06:49:02+08:00] [ERROR] component=health-check Project health degraded (from previous check) | status=degraded validation_errors="[\"error_0\", \"error_1\", \"error_2\", \"error_3\", \"error_4\", \"error_5\", \"error_6\", \"error_7\", \"error_8\", \"error_9\"]"
[2026-08-21T06:49:03+08:00] [ERROR] component=health-check Project health degraded (from previous check) | status=degraded validation_errors="[\"error1\", \"error2\", \"error3\"]"
[2026-08-21T06:49:12+08:00] [ERROR] component=test_component test message | key=value
[2026-08-21T06:49:14+08:00] [ERROR] component=test_component test message | key=value
[2026-08-21T06:49:33+08:00] [ERROR] component=pretooluse-guard guard execution failed | error="Guard crashed"
[2026-08-21T06:49:33+08:00] [ERROR] component=pretooluse-guard guard timed out after 5s | cwd=/private/var/folders/yl/qz0xdxvs36s_jr46sp_l9skh0000gn/T/pytest-of-busiji/pytest-169/popen-gw1/test_gateway_timeout_non_prote0
[2026-08-21T06:49:33+08:00] [ERROR] component=pretooluse-guard guard timed out after 5s | cwd=/private/var/folders/yl/qz0xdxvs36s_jr46sp_l9skh0000gn/T/pytest-of-busiji/pytest-169/popen-gw1/test_gateway_timeout_protected0
[2026-08-21T06:49:33+08:00] [ERROR] component=pretooluse-guard guard execution failed | error="Guard crashed"
[2026-08-21T07:02:05+08:00] [ERROR] component=pretooluse-guard guard execution failed | error="Guard crashed"
[2026-08-21T07:02:05+08:00] [ERROR] component=pretooluse-guard guard timed out after 5s | cwd=/private/var/folders/yl/qz0xdxvs36s_jr46sp_l9skh0000gn/T/pytest-of-busiji/pytest-176/popen-gw2/test_gateway_timeout_protected0
[2026-08-21T07:02:05+08:00] [ERROR] component=pretooluse-guard guard timed out after 5s | cwd=/private/var/folders/yl/qz0xdxvs36s_jr46sp_l9skh0000gn/T/pytest-of-busiji/pytest-176/popen-gw2/test_gateway_timeout_non_prote0
[2026-08-21T07:02:05+08:00] [ERROR] component=pretooluse-guard guard execution failed | error="Guard crashed"
[2026-08-21T07:02:07+08:00] [ERROR] component=pretooluse-guard guard timed out after 5s | cwd=/private/var/folders/yl/qz0xdxvs36s_jr46sp_l9skh0000gn/T/pytest-of-busiji/pytest-176/popen-gw2/test_gateway_handles_json_arra0
[2026-08-21T07:02:07+08:00] [ERROR] component=pretooluse-guard guard timed out after 5s | cwd=/private/var/folders/yl/qz0xdxvs36s_jr46sp_l9skh0000gn/T/pytest-of-busiji/pytest-176/popen-gw2/test_gateway_fail_closed_redac0
[2026-08-21T07:02:07+08:00] [ERROR] component=pretooluse-guard guard execution failed | error="guard crashed"
[2026-08-21T07:02:07+08:00] [ERROR] component=pretooluse-guard guard timed out after 5s | cwd=/private/var/folders/yl/qz0xdxvs36s_jr46sp_l9skh0000gn/T/pytest-of-busiji/pytest-176/popen-gw2/test_gateway_timeout_protected1
[2026-08-21T07:02:07+08:00] [ERROR] component=pretooluse-guard guard timed out after 5s | cwd=/private/var/folders/yl/qz0xdxvs36s_jr46sp_l9skh0000gn/T/pytest-of-busiji/pytest-176/popen-gw2/test_gateway_timeout_non_prote1
[2026-08-21T07:02:07+08:00] [ERROR] component=pretooluse-guard guard execution failed | error="guard crashed"
[2026-08-21T07:02:07+08:00] [ERROR] component=pretooluse-guard guard timed out after 5s | cwd=/private/var/folders/yl/qz0xdxvs36s_jr46sp_l9skh0000gn/T/pytest-of-busiji/pytest-176/popen-gw2/test_gateway_fail_closed_write1
[2026-08-21T07:02:10+08:00] [ERROR] component=health-check Project health degraded (from previous check) | status=degraded validation_errors="[\"error_0\", \"error_1\", \"error_2\", \"error_3\", \"error_4\", \"error_5\", \"error_6\", \"error_7\", \"error_8\", \"error_9\"]"
[2026-08-21T07:02:10+08:00] [ERROR] component=health-check Project health degraded (from previous check) | status=degraded validation_errors="[\"error1\", \"error2\", \"error3\"]"
[2026-08-21T07:02:14+08:00] [ERROR] component=test_component test message | key=value
[2026-08-21T07:02:17+08:00] [ERROR] component=test_component test message | key=value
[2026-08-21T07:02:24+08:00] [ERROR] component=memory-hook-gateway delegate preflight failed | cwd=/private/var/folders/yl/qz0xdxvs36s_jr46sp_l9skh0000gn/T/pytest-of-busiji/pytest-176/popen-gw5/test_degraded_package_on_prefl0 error="preflight failed" event=session-start host=codex
[2026-08-21T07:14:30+08:00] [ERROR] component=pretooluse-guard guard timed out after 5s | cwd=/private/var/folders/yl/qz0xdxvs36s_jr46sp_l9skh0000gn/T/pytest-of-busiji/pytest-179/popen-gw5/test_gateway_fail_closed_redac0
[2026-08-21T07:14:30+08:00] [ERROR] component=pretooluse-guard guard execution failed | error="guard crashed"
[2026-08-21T07:14:30+08:00] [ERROR] component=pretooluse-guard guard timed out after 5s | cwd=/private/var/folders/yl/qz0xdxvs36s_jr46sp_l9skh0000gn/T/pytest-of-busiji/pytest-179/popen-gw5/test_gateway_timeout_protected0
[2026-08-21T07:14:30+08:00] [ERROR] component=pretooluse-guard guard timed out after 5s | cwd=/private/var/folders/yl/qz0xdxvs36s_jr46sp_l9skh0000gn/T/pytest-of-busiji/pytest-179/popen-gw5/test_gateway_timeout_non_prote0
[2026-08-21T07:14:30+08:00] [ERROR] component=pretooluse-guard guard timed out after 5s | cwd=/private/var/folders/yl/qz0xdxvs36s_jr46sp_l9skh0000gn/T/pytest-of-busiji/pytest-179/popen-gw5/test_gateway_handles_json_arra0
[2026-08-21T07:14:30+08:00] [ERROR] component=pretooluse-guard guard execution failed | error="guard crashed"
[2026-08-21T07:14:30+08:00] [ERROR] component=pretooluse-guard guard timed out after 5s | cwd=/private/var/folders/yl/qz0xdxvs36s_jr46sp_l9skh0000gn/T/pytest-of-busiji/pytest-179/popen-gw5/test_gateway_fail_closed_write1
[2026-08-21T07:14:33+08:00] [ERROR] component=health-check Project health degraded (from previous check) | status=degraded validation_errors="[\"error1\", \"error2\", \"error3\"]"
[2026-08-21T07:14:33+08:00] [ERROR] component=health-check Project health degraded (from previous check) | status=degraded validation_errors="[\"error_0\", \"error_1\", \"error_2\", \"error_3\", \"error_4\", \"error_5\", \"error_6\", \"error_7\", \"error_8\", \"error_9\"]"
[2026-08-21T07:14:58+08:00] [ERROR] component=memory-hook-gateway delegate preflight failed | cwd=/private/var/folders/yl/qz0xdxvs36s_jr46sp_l9skh0000gn/T/pytest-of-busiji/pytest-179/popen-gw0/test_degraded_package_on_prefl0 error="preflight failed" event=session-start host=codex
[2026-08-21T07:15:13+08:00] [ERROR] component=test_component test message | key=value
[2026-08-21T07:15:13+08:00] [ERROR] component=test_component test message | key=value
[2026-08-21T07:15:38+08:00] [ERROR] component=pretooluse-guard guard execution failed | error="Guard crashed"
[2026-08-21T07:15:38+08:00] [ERROR] component=pretooluse-guard guard execution failed | error="Guard crashed"
[2026-08-21T07:15:38+08:00] [ERROR] component=pretooluse-guard guard timed out after 5s | cwd=/private/var/folders/yl/qz0xdxvs36s_jr46sp_l9skh0000gn/T/pytest-of-busiji/pytest-179/popen-gw5/test_gateway_timeout_protected1
[2026-08-21T07:15:39+08:00] [ERROR] component=pretooluse-guard guard timed out after 5s | cwd=/private/var/folders/yl/qz0xdxvs36s_jr46sp_l9skh0000gn/T/pytest-of-busiji/pytest-179/popen-gw5/test_gateway_timeout_non_prote1
[2026-08-21T07:16:39+08:00] [ERROR] component=health-check Project health degraded (from previous check) | status=degraded validation_errors="[\"error_0\", \"error_1\", \"error_2\", \"error_3\", \"error_4\", \"error_5\", \"error_6\", \"error_7\", \"error_8\", \"error_9\"]"
[2026-08-21T07:16:39+08:00] [ERROR] component=health-check Project health degraded (from previous check) | status=degraded validation_errors="[\"error1\", \"error2\", \"error3\"]"
[2026-08-21T07:16:42+08:00] [ERROR] component=pretooluse-guard guard timed out after 5s | cwd=/private/var/folders/yl/qz0xdxvs36s_jr46sp_l9skh0000gn/T/pytest-of-busiji/pytest-181/popen-gw1/test_gateway_timeout_non_prote0
[2026-08-21T07:16:42+08:00] [ERROR] component=pretooluse-guard guard execution failed | error="Guard crashed"
[2026-08-21T07:16:42+08:00] [ERROR] component=pretooluse-guard guard timed out after 5s | cwd=/private/var/folders/yl/qz0xdxvs36s_jr46sp_l9skh0000gn/T/pytest-of-busiji/pytest-181/popen-gw1/test_gateway_timeout_protected0
[2026-08-21T07:16:42+08:00] [ERROR] component=pretooluse-guard guard execution failed | error="Guard crashed"
[2026-08-21T07:16:43+08:00] [ERROR] component=pretooluse-guard guard timed out after 5s | cwd=/private/var/folders/yl/qz0xdxvs36s_jr46sp_l9skh0000gn/T/pytest-of-busiji/pytest-181/popen-gw1/test_gateway_handles_json_arra0
[2026-08-21T07:16:43+08:00] [ERROR] component=pretooluse-guard guard timed out after 5s | cwd=/private/var/folders/yl/qz0xdxvs36s_jr46sp_l9skh0000gn/T/pytest-of-busiji/pytest-181/popen-gw1/test_gateway_fail_closed_redac0
[2026-08-21T07:16:43+08:00] [ERROR] component=pretooluse-guard guard timed out after 5s | cwd=/private/var/folders/yl/qz0xdxvs36s_jr46sp_l9skh0000gn/T/pytest-of-busiji/pytest-181/popen-gw1/test_gateway_timeout_protected1
[2026-08-21T07:16:43+08:00] [ERROR] component=pretooluse-guard guard execution failed | error="guard crashed"
[2026-08-21T07:16:43+08:00] [ERROR] component=pretooluse-guard guard timed out after 5s | cwd=/private/var/folders/yl/qz0xdxvs36s_jr46sp_l9skh0000gn/T/pytest-of-busiji/pytest-181/popen-gw1/test_gateway_timeout_non_prote1
[2026-08-21T07:16:46+08:00] [ERROR] component=pretooluse-guard guard execution failed | error="guard crashed"
[2026-08-21T07:16:46+08:00] [ERROR] component=pretooluse-guard guard timed out after 5s | cwd=/private/var/folders/yl/qz0xdxvs36s_jr46sp_l9skh0000gn/T/pytest-of-busiji/pytest-181/popen-gw0/test_gateway_fail_closed_write1
[2026-08-21T07:16:47+08:00] [ERROR] component=memory-hook-gateway delegate preflight failed | cwd=/private/var/folders/yl/qz0xdxvs36s_jr46sp_l9skh0000gn/T/pytest-of-busiji/pytest-181/popen-gw5/test_degraded_package_on_prefl0 error="preflight failed" event=session-start host=codex
[2026-08-21T07:16:52+08:00] [ERROR] component=test_component test message | key=value
[2026-08-21T07:16:53+08:00] [ERROR] component=test_component test message | key=value
[2026-08-21T07:21:16+08:00] [ERROR] component=pretooluse-guard guard timed out after 5s | cwd=/private/var/folders/yl/qz0xdxvs36s_jr46sp_l9skh0000gn/T/pytest-of-busiji/pytest-183/popen-gw3/test_gateway_timeout_non_prote0
[2026-08-21T07:21:16+08:00] [ERROR] component=pretooluse-guard guard execution failed | error="Guard crashed"
[2026-08-21T07:21:16+08:00] [ERROR] component=pretooluse-guard guard timed out after 5s | cwd=/private/var/folders/yl/qz0xdxvs36s_jr46sp_l9skh0000gn/T/pytest-of-busiji/pytest-183/popen-gw3/test_gateway_timeout_protected0
[2026-08-21T07:21:16+08:00] [ERROR] component=pretooluse-guard guard execution failed | error="Guard crashed"
[2026-08-21T07:21:20+08:00] [ERROR] component=health-check Project health degraded (from previous check) | status=degraded validation_errors="[\"error_0\", \"error_1\", \"error_2\", \"error_3\", \"error_4\", \"error_5\", \"error_6\", \"error_7\", \"error_8\", \"error_9\"]"
[2026-08-21T07:21:20+08:00] [ERROR] component=health-check Project health degraded (from previous check) | status=degraded validation_errors="[\"error1\", \"error2\", \"error3\"]"
[2026-08-21T07:21:22+08:00] [ERROR] component=test_component test message | key=value
[2026-08-21T07:21:22+08:00] [ERROR] component=test_component test message | key=value
[2026-08-21T07:21:24+08:00] [ERROR] component=pretooluse-guard guard execution failed | error="guard crashed"
[2026-08-21T07:21:24+08:00] [ERROR] component=pretooluse-guard guard timed out after 5s | cwd=/private/var/folders/yl/qz0xdxvs36s_jr46sp_l9skh0000gn/T/pytest-of-busiji/pytest-183/popen-gw2/test_gateway_fail_closed_write1
[2026-08-21T07:21:24+08:00] [ERROR] component=pretooluse-guard guard timed out after 5s | cwd=/private/var/folders/yl/qz0xdxvs36s_jr46sp_l9skh0000gn/T/pytest-of-busiji/pytest-183/popen-gw2/test_gateway_fail_closed_redac0
[2026-08-21T07:21:24+08:00] [ERROR] component=pretooluse-guard guard execution failed | error="guard crashed"
[2026-08-21T07:21:24+08:00] [ERROR] component=pretooluse-guard guard timed out after 5s | cwd=/private/var/folders/yl/qz0xdxvs36s_jr46sp_l9skh0000gn/T/pytest-of-busiji/pytest-183/popen-gw2/test_gateway_timeout_non_prote0
[2026-08-21T07:21:24+08:00] [ERROR] component=pretooluse-guard guard timed out after 5s | cwd=/private/var/folders/yl/qz0xdxvs36s_jr46sp_l9skh0000gn/T/pytest-of-busiji/pytest-183/popen-gw2/test_gateway_timeout_protected0
[2026-08-21T07:21:24+08:00] [ERROR] component=pretooluse-guard guard timed out after 5s | cwd=/private/var/folders/yl/qz0xdxvs36s_jr46sp_l9skh0000gn/T/pytest-of-busiji/pytest-183/popen-gw2/test_gateway_handles_json_arra0
[2026-08-21T07:21:54+08:00] [ERROR] component=memory-hook-gateway delegate preflight failed | cwd=/private/var/folders/yl/qz0xdxvs36s_jr46sp_l9skh0000gn/T/pytest-of-busiji/pytest-183/popen-gw5/test_degraded_package_on_prefl0 error="preflight failed" event=session-start host=codex
[2026-08-21T07:32:35+08:00] [ERROR] component=health-check Project health degraded (from previous check) | status=degraded validation_errors="[\"error1\", \"error2\", \"error3\"]"
[2026-08-21T07:32:35+08:00] [ERROR] component=health-check Project health degraded (from previous check) | status=degraded validation_errors="[\"error_0\", \"error_1\", \"error_2\", \"error_3\", \"error_4\", \"error_5\", \"error_6\", \"error_7\", \"error_8\", \"error_9\"]"
[2026-08-21T07:32:42+08:00] [ERROR] component=test_component test message | key=value
[2026-08-21T07:32:42+08:00] [ERROR] component=test_component test message | key=value
[2026-08-21T07:32:58+08:00] [ERROR] component=memory-hook-gateway delegate preflight failed | cwd=/private/var/folders/yl/qz0xdxvs36s_jr46sp_l9skh0000gn/T/pytest-of-busiji/pytest-188/popen-gw5/test_degraded_package_on_prefl0 error="preflight failed" event=session-start host=codex
[2026-08-21T07:33:07+08:00] [ERROR] component=pretooluse-guard guard execution failed | error="Guard crashed"
[2026-08-21T07:33:07+08:00] [ERROR] component=pretooluse-guard guard execution failed | error="Guard crashed"
[2026-08-21T07:33:07+08:00] [ERROR] component=pretooluse-guard guard timed out after 5s | cwd=/private/var/folders/yl/qz0xdxvs36s_jr46sp_l9skh0000gn/T/pytest-of-busiji/pytest-188/popen-gw1/test_gateway_timeout_non_prote0
[2026-08-21T07:33:07+08:00] [ERROR] component=pretooluse-guard guard timed out after 5s | cwd=/private/var/folders/yl/qz0xdxvs36s_jr46sp_l9skh0000gn/T/pytest-of-busiji/pytest-188/popen-gw1/test_gateway_timeout_protected0
[2026-08-21T07:33:09+08:00] [ERROR] component=pretooluse-guard guard timed out after 5s | cwd=/private/var/folders/yl/qz0xdxvs36s_jr46sp_l9skh0000gn/T/pytest-of-busiji/pytest-188/popen-gw0/test_gateway_handles_json_arra0
[2026-08-21T07:33:09+08:00] [ERROR] component=pretooluse-guard guard timed out after 5s | cwd=/private/var/folders/yl/qz0xdxvs36s_jr46sp_l9skh0000gn/T/pytest-of-busiji/pytest-188/popen-gw3/test_gateway_timeout_protected0
[2026-08-21T07:33:09+08:00] [ERROR] component=pretooluse-guard guard timed out after 5s | cwd=/private/var/folders/yl/qz0xdxvs36s_jr46sp_l9skh0000gn/T/pytest-of-busiji/pytest-188/popen-gw0/test_gateway_fail_closed_redac0
[2026-08-21T07:33:09+08:00] [ERROR] component=pretooluse-guard guard timed out after 5s | cwd=/private/var/folders/yl/qz0xdxvs36s_jr46sp_l9skh0000gn/T/pytest-of-busiji/pytest-188/popen-gw3/test_gateway_timeout_non_prote0
[2026-08-21T07:33:09+08:00] [ERROR] component=pretooluse-guard guard execution failed | error="guard crashed"
[2026-08-21T07:33:09+08:00] [ERROR] component=pretooluse-guard guard execution failed | error="guard crashed"
[2026-08-21T07:33:09+08:00] [ERROR] component=pretooluse-guard guard timed out after 5s | cwd=/private/var/folders/yl/qz0xdxvs36s_jr46sp_l9skh0000gn/T/pytest-of-busiji/pytest-188/popen-gw3/test_gateway_fail_closed_write1
[2026-08-21T08:03:24+08:00] [ERROR] component=health-check Project health degraded (from previous check) | status=degraded validation_errors="[\"error1\", \"error2\", \"error3\"]"
[2026-08-21T08:03:24+08:00] [ERROR] component=health-check Project health degraded (from previous check) | status=degraded validation_errors="[\"error_0\", \"error_1\", \"error_2\", \"error_3\", \"error_4\", \"error_5\", \"error_6\", \"error_7\", \"error_8\", \"error_9\"]"
[2026-08-21T08:35:01+08:00] [ERROR] component=memory-hook-gateway delegate preflight failed | cwd=/private/var/folders/yl/qz0xdxvs36s_jr46sp_l9skh0000gn/T/pytest-of-busiji/pytest-211/test_degraded_package_on_prefl0 error="preflight failed" event=session-start host=codex
[2026-08-21T08:35:52+08:00] [ERROR] component=pretooluse-guard guard timed out after 5s | cwd=/private/var/folders/yl/qz0xdxvs36s_jr46sp_l9skh0000gn/T/pytest-of-busiji/pytest-211/test_gateway_handles_json_arra0
[2026-08-21T08:35:52+08:00] [ERROR] component=pretooluse-guard guard execution failed | error="guard crashed"
[2026-08-21T08:35:52+08:00] [ERROR] component=pretooluse-guard guard timed out after 5s | cwd=/private/var/folders/yl/qz0xdxvs36s_jr46sp_l9skh0000gn/T/pytest-of-busiji/pytest-211/test_gateway_fail_closed_write1
[2026-08-21T08:35:52+08:00] [ERROR] component=pretooluse-guard guard timed out after 5s | cwd=/private/var/folders/yl/qz0xdxvs36s_jr46sp_l9skh0000gn/T/pytest-of-busiji/pytest-211/test_gateway_fail_closed_redac0
[2026-08-21T08:35:52+08:00] [ERROR] component=pretooluse-guard guard timed out after 5s | cwd=/private/var/folders/yl/qz0xdxvs36s_jr46sp_l9skh0000gn/T/pytest-of-busiji/pytest-211/test_gateway_timeout_non_prote0
[2026-08-21T08:35:52+08:00] [ERROR] component=pretooluse-guard guard execution failed | error="guard crashed"
[2026-08-21T08:35:52+08:00] [ERROR] component=pretooluse-guard guard timed out after 5s | cwd=/private/var/folders/yl/qz0xdxvs36s_jr46sp_l9skh0000gn/T/pytest-of-busiji/pytest-211/test_gateway_timeout_protected0
[2026-08-21T08:37:28+08:00] [ERROR] component=test_component test message | key=value
[2026-08-21T08:37:28+08:00] [ERROR] component=test_component test message | key=value
[2026-08-21T08:37:34+08:00] [ERROR] component=pretooluse-guard guard execution failed | error="Guard crashed"
[2026-08-21T08:37:34+08:00] [ERROR] component=pretooluse-guard guard execution failed | error="Guard crashed"
[2026-08-21T08:37:34+08:00] [ERROR] component=pretooluse-guard guard timed out after 5s | cwd=/private/var/folders/yl/qz0xdxvs36s_jr46sp_l9skh0000gn/T/pytest-of-busiji/pytest-211/test_gateway_timeout_protected1
[2026-08-21T08:37:34+08:00] [ERROR] component=pretooluse-guard guard timed out after 5s | cwd=/private/var/folders/yl/qz0xdxvs36s_jr46sp_l9skh0000gn/T/pytest-of-busiji/pytest-211/test_gateway_timeout_non_prote1
[2026-08-21T08:39:05+08:00] [ERROR] component=health-check Project health degraded (from previous check) | status=degraded validation_errors="[\"error_0\", \"error_1\", \"error_2\", \"error_3\", \"error_4\", \"error_5\", \"error_6\", \"error_7\", \"error_8\", \"error_9\"]"
[2026-08-21T08:39:05+08:00] [ERROR] component=health-check Project health degraded (from previous check) | status=degraded validation_errors="[\"error1\", \"error2\", \"error3\"]"
[2026-08-21T08:48:33+08:00] [ERROR] component=pretooluse-guard guard timed out after 5s | cwd=/private/var/folders/yl/qz0xdxvs36s_jr46sp_l9skh0000gn/T/pytest-of-busiji/pytest-216/test_gateway_timeout_non_prote0
[2026-08-21T08:48:33+08:00] [ERROR] component=pretooluse-guard guard execution failed | error="Guard crashed"
[2026-08-21T08:48:33+08:00] [ERROR] component=pretooluse-guard guard execution failed | error="Guard crashed"
[2026-08-21T08:48:33+08:00] [ERROR] component=pretooluse-guard guard timed out after 5s | cwd=/private/var/folders/yl/qz0xdxvs36s_jr46sp_l9skh0000gn/T/pytest-of-busiji/pytest-216/test_gateway_timeout_protected0
[2026-08-21T08:48:37+08:00] [ERROR] component=pretooluse-guard guard execution failed | error="guard crashed"
[2026-08-21T08:48:37+08:00] [ERROR] component=pretooluse-guard guard timed out after 5s | cwd=/private/var/folders/yl/qz0xdxvs36s_jr46sp_l9skh0000gn/T/pytest-of-busiji/pytest-216/test_gateway_timeout_protected1
[2026-08-21T08:48:37+08:00] [ERROR] component=pretooluse-guard guard timed out after 5s | cwd=/private/var/folders/yl/qz0xdxvs36s_jr46sp_l9skh0000gn/T/pytest-of-busiji/pytest-216/test_gateway_timeout_non_prote1
[2026-08-21T08:48:37+08:00] [ERROR] component=pretooluse-guard guard timed out after 5s | cwd=/private/var/folders/yl/qz0xdxvs36s_jr46sp_l9skh0000gn/T/pytest-of-busiji/pytest-216/test_gateway_fail_closed_write0
[2026-08-21T08:48:37+08:00] [ERROR] component=pretooluse-guard guard execution failed | error="guard crashed"
[2026-08-21T08:48:37+08:00] [ERROR] component=pretooluse-guard guard timed out after 5s | cwd=/private/var/folders/yl/qz0xdxvs36s_jr46sp_l9skh0000gn/T/pytest-of-busiji/pytest-216/test_gateway_fail_closed_redac0
[2026-08-21T08:48:37+08:00] [ERROR] component=pretooluse-guard guard timed out after 5s | cwd=/private/var/folders/yl/qz0xdxvs36s_jr46sp_l9skh0000gn/T/pytest-of-busiji/pytest-216/test_gateway_handles_json_arra0
[2026-08-21T08:54:23+08:00] [ERROR] component=pretooluse-guard guard timed out after 5s | cwd=/private/var/folders/yl/qz0xdxvs36s_jr46sp_l9skh0000gn/T/pytest-of-busiji/pytest-218/test_gateway_fail_closed_redac0
[2026-08-21T08:54:23+08:00] [ERROR] component=pretooluse-guard guard execution failed | error="guard crashed"
[2026-08-21T08:54:23+08:00] [ERROR] component=pretooluse-guard guard timed out after 5s | cwd=/private/var/folders/yl/qz0xdxvs36s_jr46sp_l9skh0000gn/T/pytest-of-busiji/pytest-218/test_gateway_timeout_protected0
[2026-08-21T08:54:23+08:00] [ERROR] component=pretooluse-guard guard timed out after 5s | cwd=/private/var/folders/yl/qz0xdxvs36s_jr46sp_l9skh0000gn/T/pytest-of-busiji/pytest-218/test_gateway_timeout_non_prote0
[2026-08-21T08:54:23+08:00] [ERROR] component=pretooluse-guard guard timed out after 5s | cwd=/private/var/folders/yl/qz0xdxvs36s_jr46sp_l9skh0000gn/T/pytest-of-busiji/pytest-218/test_gateway_fail_closed_write0
[2026-08-21T08:54:23+08:00] [ERROR] component=pretooluse-guard guard execution failed | error="guard crashed"
[2026-08-21T08:54:23+08:00] [ERROR] component=pretooluse-guard guard timed out after 5s | cwd=/private/var/folders/yl/qz0xdxvs36s_jr46sp_l9skh0000gn/T/pytest-of-busiji/pytest-218/test_gateway_handles_json_arra0
[2026-08-21T08:55:49+08:00] [ERROR] component=health-check Project health degraded (from previous check) | status=degraded validation_errors="[\"error_0\", \"error_1\", \"error_2\", \"error_3\", \"error_4\", \"error_5\", \"error_6\", \"error_7\", \"error_8\", \"error_9\"]"
[2026-08-21T08:55:49+08:00] [ERROR] component=health-check Project health degraded (from previous check) | status=degraded validation_errors="[\"error1\", \"error2\", \"error3\"]"
[2026-08-21T08:56:00+08:00] [ERROR] component=test_component test message | key=value
[2026-08-21T08:56:02+08:00] [ERROR] component=test_component test message | key=value
[2026-08-21T09:00:02+08:00] [ERROR] component=test_component test message | key=value
[2026-08-21T09:00:03+08:00] [ERROR] component=test_component test message | key=value
[2026-08-21T09:00:11+08:00] [ERROR] component=memory-hook-gateway delegate preflight failed | cwd=/private/var/folders/yl/qz0xdxvs36s_jr46sp_l9skh0000gn/T/pytest-of-busiji/pytest-223/popen-gw6/test_degraded_package_on_prefl0 error="preflight failed" event=session-start host=codex
[2026-08-21T09:00:20+08:00] [ERROR] component=health-check Project health degraded (from previous check) | status=degraded validation_errors="[\"error1\", \"error2\", \"error3\"]"
[2026-08-21T09:00:20+08:00] [ERROR] component=health-check Project health degraded (from previous check) | status=degraded validation_errors="[\"error_0\", \"error_1\", \"error_2\", \"error_3\", \"error_4\", \"error_5\", \"error_6\", \"error_7\", \"error_8\", \"error_9\"]"
[2026-08-21T09:00:21+08:00] [ERROR] component=pretooluse-guard guard timed out after 5s | cwd=/private/var/folders/yl/qz0xdxvs36s_jr46sp_l9skh0000gn/T/pytest-of-busiji/pytest-223/popen-gw4/test_gateway_timeout_non_prote0
[2026-08-21T09:00:21+08:00] [ERROR] component=pretooluse-guard guard execution failed | error="Guard crashed"
[2026-08-21T09:00:21+08:00] [ERROR] component=pretooluse-guard guard execution failed | error="Guard crashed"
[2026-08-21T09:00:21+08:00] [ERROR] component=pretooluse-guard guard timed out after 5s | cwd=/private/var/folders/yl/qz0xdxvs36s_jr46sp_l9skh0000gn/T/pytest-of-busiji/pytest-223/popen-gw4/test_gateway_timeout_protected0
[2026-08-21T09:00:27+08:00] [ERROR] component=pretooluse-guard guard timed out after 5s | cwd=/private/var/folders/yl/qz0xdxvs36s_jr46sp_l9skh0000gn/T/pytest-of-busiji/pytest-223/popen-gw4/test_gateway_fail_closed_write0
[2026-08-21T09:00:27+08:00] [ERROR] component=pretooluse-guard guard execution failed | error="guard crashed"
[2026-08-21T09:00:27+08:00] [ERROR] component=pretooluse-guard guard timed out after 5s | cwd=/private/var/folders/yl/qz0xdxvs36s_jr46sp_l9skh0000gn/T/pytest-of-busiji/pytest-223/popen-gw4/test_gateway_timeout_protected1
[2026-08-21T09:00:27+08:00] [ERROR] component=pretooluse-guard guard timed out after 5s | cwd=/private/var/folders/yl/qz0xdxvs36s_jr46sp_l9skh0000gn/T/pytest-of-busiji/pytest-223/popen-gw4/test_gateway_timeout_non_prote1
[2026-08-21T09:00:27+08:00] [ERROR] component=pretooluse-guard guard execution failed | error="guard crashed"
[2026-08-21T09:00:27+08:00] [ERROR] component=pretooluse-guard guard timed out after 5s | cwd=/private/var/folders/yl/qz0xdxvs36s_jr46sp_l9skh0000gn/T/pytest-of-busiji/pytest-223/popen-gw4/test_gateway_handles_json_arra0
[2026-08-21T09:00:27+08:00] [ERROR] component=pretooluse-guard guard timed out after 5s | cwd=/private/var/folders/yl/qz0xdxvs36s_jr46sp_l9skh0000gn/T/pytest-of-busiji/pytest-223/popen-gw4/test_gateway_fail_closed_redac0
[2026-08-21T09:07:03+08:00] [ERROR] component=health-check Project health degraded (from previous check) | status=degraded validation_errors="[\"error_0\", \"error_1\", \"error_2\", \"error_3\", \"error_4\", \"error_5\", \"error_6\", \"error_7\", \"error_8\", \"error_9\"]"
[2026-08-21T09:07:03+08:00] [ERROR] component=health-check Project health degraded (from previous check) | status=degraded validation_errors="[\"error1\", \"error2\", \"error3\"]"
[2026-08-21T09:07:05+08:00] [ERROR] component=test_component test message | key=value
[2026-08-21T09:07:06+08:00] [ERROR] component=test_component test message | key=value
[2026-08-21T09:07:16+08:00] [ERROR] component=pretooluse-guard guard timed out after 5s | cwd=/private/var/folders/yl/qz0xdxvs36s_jr46sp_l9skh0000gn/T/pytest-of-busiji/pytest-226/popen-gw5/test_gateway_timeout_non_prote0
[2026-08-21T09:07:16+08:00] [ERROR] component=pretooluse-guard guard execution failed | error="Guard crashed"
[2026-08-21T09:07:16+08:00] [ERROR] component=pretooluse-guard guard timed out after 5s | cwd=/private/var/folders/yl/qz0xdxvs36s_jr46sp_l9skh0000gn/T/pytest-of-busiji/pytest-226/popen-gw5/test_gateway_timeout_protected0
[2026-08-21T09:07:16+08:00] [ERROR] component=pretooluse-guard guard execution failed | error="Guard crashed"
[2026-08-21T09:07:21+08:00] [ERROR] component=memory-hook-gateway delegate preflight failed | cwd=/private/var/folders/yl/qz0xdxvs36s_jr46sp_l9skh0000gn/T/pytest-of-busiji/pytest-226/popen-gw2/test_degraded_package_on_prefl0 error="preflight failed" event=session-start host=codex
[2026-08-21T09:07:39+08:00] [ERROR] component=pretooluse-guard guard execution failed | error="guard crashed"
[2026-08-21T09:07:39+08:00] [ERROR] component=pretooluse-guard guard timed out after 5s | cwd=/private/var/folders/yl/qz0xdxvs36s_jr46sp_l9skh0000gn/T/pytest-of-busiji/pytest-226/popen-gw2/test_gateway_fail_closed_write1
[2026-08-21T09:07:39+08:00] [ERROR] component=pretooluse-guard guard timed out after 5s | cwd=/private/var/folders/yl/qz0xdxvs36s_jr46sp_l9skh0000gn/T/pytest-of-busiji/pytest-226/popen-gw2/test_gateway_fail_closed_redac0
[2026-08-21T09:07:39+08:00] [ERROR] component=pretooluse-guard guard timed out after 5s | cwd=/private/var/folders/yl/qz0xdxvs36s_jr46sp_l9skh0000gn/T/pytest-of-busiji/pytest-226/popen-gw2/test_gateway_handles_json_arra0
[2026-08-21T09:07:40+08:00] [ERROR] component=pretooluse-guard guard timed out after 5s | cwd=/private/var/folders/yl/qz0xdxvs36s_jr46sp_l9skh0000gn/T/pytest-of-busiji/pytest-226/popen-gw2/test_gateway_timeout_protected0
[2026-08-21T09:07:40+08:00] [ERROR] component=pretooluse-guard guard timed out after 5s | cwd=/private/var/folders/yl/qz0xdxvs36s_jr46sp_l9skh0000gn/T/pytest-of-busiji/pytest-226/popen-gw2/test_gateway_timeout_non_prote0
[2026-08-21T09:07:40+08:00] [ERROR] component=pretooluse-guard guard execution failed | error="guard crashed"
[2026-08-21T09:08:33+08:00] [ERROR] component=memory-hook-gateway delegate preflight failed | cwd=/private/var/folders/yl/qz0xdxvs36s_jr46sp_l9skh0000gn/T/pytest-of-busiji/pytest-228/test_degraded_package_on_prefl0 error="preflight failed" event=session-start host=codex
[2026-08-21T09:09:21+08:00] [ERROR] component=pretooluse-guard guard timed out after 5s | cwd=/private/var/folders/yl/qz0xdxvs36s_jr46sp_l9skh0000gn/T/pytest-of-busiji/pytest-228/test_gateway_timeout_non_prote0
[2026-08-21T09:09:21+08:00] [ERROR] component=pretooluse-guard guard execution failed | error="Guard crashed"
[2026-08-21T09:09:21+08:00] [ERROR] component=pretooluse-guard guard execution failed | error="Guard crashed"
[2026-08-21T09:09:21+08:00] [ERROR] component=pretooluse-guard guard timed out after 5s | cwd=/private/var/folders/yl/qz0xdxvs36s_jr46sp_l9skh0000gn/T/pytest-of-busiji/pytest-228/test_gateway_timeout_protected0
[2026-08-21T09:09:31+08:00] [ERROR] component=health-check Project health degraded (from previous check) | status=degraded validation_errors="[\"error_0\", \"error_1\", \"error_2\", \"error_3\", \"error_4\", \"error_5\", \"error_6\", \"error_7\", \"error_8\", \"error_9\"]"
[2026-08-21T09:09:31+08:00] [ERROR] component=health-check Project health degraded (from previous check) | status=degraded validation_errors="[\"error1\", \"error2\", \"error3\"]"
[2026-08-21T09:09:40+08:00] [ERROR] component=pretooluse-guard guard timed out after 5s | cwd=/private/var/folders/yl/qz0xdxvs36s_jr46sp_l9skh0000gn/T/pytest-of-busiji/pytest-228/test_gateway_fail_closed_redac0
[2026-08-21T09:09:40+08:00] [ERROR] component=pretooluse-guard guard timed out after 5s | cwd=/private/var/folders/yl/qz0xdxvs36s_jr46sp_l9skh0000gn/T/pytest-of-busiji/pytest-228/test_gateway_timeout_non_prote1
[2026-08-21T09:09:40+08:00] [ERROR] component=pretooluse-guard guard execution failed | error="guard crashed"
[2026-08-21T09:09:40+08:00] [ERROR] component=pretooluse-guard guard timed out after 5s | cwd=/private/var/folders/yl/qz0xdxvs36s_jr46sp_l9skh0000gn/T/pytest-of-busiji/pytest-228/test_gateway_timeout_protected1
[2026-08-21T09:09:40+08:00] [ERROR] component=pretooluse-guard guard timed out after 5s | cwd=/private/var/folders/yl/qz0xdxvs36s_jr46sp_l9skh0000gn/T/pytest-of-busiji/pytest-228/test_gateway_fail_closed_write0
[2026-08-21T09:09:40+08:00] [ERROR] component=pretooluse-guard guard execution failed | error="guard crashed"
[2026-08-21T09:09:40+08:00] [ERROR] component=pretooluse-guard guard timed out after 5s | cwd=/private/var/folders/yl/qz0xdxvs36s_jr46sp_l9skh0000gn/T/pytest-of-busiji/pytest-228/test_gateway_handles_json_arra0
[2026-08-21T09:11:14+08:00] [ERROR] component=test_component test message | key=value
[2026-08-21T09:11:15+08:00] [ERROR] component=test_component test message | key=value
[2026-08-21T09:25:00+08:00] [ERROR] component=pretooluse-guard guard timed out after 5s | cwd=/private/var/folders/yl/qz0xdxvs36s_jr46sp_l9skh0000gn/T/pytest-of-busiji/pytest-233/popen-gw4/test_gateway_fail_closed_redac0
[2026-08-21T09:25:00+08:00] [ERROR] component=pretooluse-guard guard timed out after 5s | cwd=/private/var/folders/yl/qz0xdxvs36s_jr46sp_l9skh0000gn/T/pytest-of-busiji/pytest-233/popen-gw4/test_gateway_handles_json_arra0
[2026-08-21T09:25:00+08:00] [ERROR] component=pretooluse-guard guard timed out after 5s | cwd=/private/var/folders/yl/qz0xdxvs36s_jr46sp_l9skh0000gn/T/pytest-of-busiji/pytest-233/popen-gw4/test_gateway_fail_closed_write0
[2026-08-21T09:25:00+08:00] [ERROR] component=pretooluse-guard guard execution failed | error="guard crashed"
[2026-08-21T09:25:00+08:00] [ERROR] component=pretooluse-guard guard timed out after 5s | cwd=/private/var/folders/yl/qz0xdxvs36s_jr46sp_l9skh0000gn/T/pytest-of-busiji/pytest-233/popen-gw4/test_gateway_timeout_non_prote0
[2026-08-21T09:25:00+08:00] [ERROR] component=pretooluse-guard guard execution failed | error="guard crashed"
[2026-08-21T09:25:00+08:00] [ERROR] component=pretooluse-guard guard timed out after 5s | cwd=/private/var/folders/yl/qz0xdxvs36s_jr46sp_l9skh0000gn/T/pytest-of-busiji/pytest-233/popen-gw4/test_gateway_timeout_protected0
[2026-08-21T09:25:21+08:00] [ERROR] component=test_component test message | key=value
[2026-08-21T09:25:21+08:00] [ERROR] component=test_component test message | key=value
[2026-08-21T09:25:23+08:00] [ERROR] component=memory-hook-gateway delegate preflight failed | cwd=/private/var/folders/yl/qz0xdxvs36s_jr46sp_l9skh0000gn/T/pytest-of-busiji/pytest-233/popen-gw3/test_degraded_package_on_prefl0 error="preflight failed" event=session-start host=codex
[2026-08-21T09:25:26+08:00] [ERROR] component=health-check Project health degraded (from previous check) | status=degraded validation_errors="[\"error_0\", \"error_1\", \"error_2\", \"error_3\", \"error_4\", \"error_5\", \"error_6\", \"error_7\", \"error_8\", \"error_9\"]"
[2026-08-21T09:25:26+08:00] [ERROR] component=health-check Project health degraded (from previous check) | status=degraded validation_errors="[\"error1\", \"error2\", \"error3\"]"
[2026-08-21T09:26:37+08:00] [ERROR] component=pretooluse-guard guard timed out after 5s | cwd=/private/var/folders/yl/qz0xdxvs36s_jr46sp_l9skh0000gn/T/pytest-of-busiji/pytest-233/popen-gw0/test_gateway_timeout_protected0
[2026-08-21T09:26:37+08:00] [ERROR] component=pretooluse-guard guard execution failed | error="Guard crashed"
[2026-08-21T09:26:37+08:00] [ERROR] component=pretooluse-guard guard execution failed | error="Guard crashed"
[2026-08-21T09:26:37+08:00] [ERROR] component=pretooluse-guard guard timed out after 5s | cwd=/private/var/folders/yl/qz0xdxvs36s_jr46sp_l9skh0000gn/T/pytest-of-busiji/pytest-233/popen-gw0/test_gateway_timeout_non_prote0
[2026-08-21T09:31:45+08:00] [ERROR] component=pretooluse-guard guard timed out after 5s | cwd=/private/var/folders/yl/qz0xdxvs36s_jr46sp_l9skh0000gn/T/pytest-of-busiji/pytest-236/popen-gw5/test_gateway_fail_closed_write0
[2026-08-21T09:31:45+08:00] [ERROR] component=pretooluse-guard guard execution failed | error="guard crashed"
[2026-08-21T09:31:45+08:00] [ERROR] component=pretooluse-guard guard timed out after 5s | cwd=/private/var/folders/yl/qz0xdxvs36s_jr46sp_l9skh0000gn/T/pytest-of-busiji/pytest-236/popen-gw5/test_gateway_timeout_protected0
[2026-08-21T09:31:45+08:00] [ERROR] component=pretooluse-guard guard execution failed | error="guard crashed"
[2026-08-21T09:31:45+08:00] [ERROR] component=pretooluse-guard guard timed out after 5s | cwd=/private/var/folders/yl/qz0xdxvs36s_jr46sp_l9skh0000gn/T/pytest-of-busiji/pytest-236/popen-gw5/test_gateway_timeout_non_prote0
[2026-08-21T09:31:45+08:00] [ERROR] component=pretooluse-guard guard timed out after 5s | cwd=/private/var/folders/yl/qz0xdxvs36s_jr46sp_l9skh0000gn/T/pytest-of-busiji/pytest-236/popen-gw5/test_gateway_fail_closed_redac0
[2026-08-21T09:31:45+08:00] [ERROR] component=pretooluse-guard guard timed out after 5s | cwd=/private/var/folders/yl/qz0xdxvs36s_jr46sp_l9skh0000gn/T/pytest-of-busiji/pytest-236/popen-gw5/test_gateway_handles_json_arra0
[2026-08-21T09:31:49+08:00] [ERROR] component=pretooluse-guard guard timed out after 5s | cwd=/private/var/folders/yl/qz0xdxvs36s_jr46sp_l9skh0000gn/T/pytest-of-busiji/pytest-236/popen-gw0/test_gateway_timeout_non_prote0
[2026-08-21T09:31:49+08:00] [ERROR] component=pretooluse-guard guard execution failed | error="Guard crashed"
[2026-08-21T09:31:49+08:00] [ERROR] component=pretooluse-guard guard timed out after 5s | cwd=/private/var/folders/yl/qz0xdxvs36s_jr46sp_l9skh0000gn/T/pytest-of-busiji/pytest-236/popen-gw0/test_gateway_timeout_protected0
[2026-08-21T09:31:49+08:00] [ERROR] component=pretooluse-guard guard execution failed | error="Guard crashed"
[2026-08-21T09:32:05+08:00] [ERROR] component=test_component test message | key=value
[2026-08-21T09:32:05+08:00] [ERROR] component=test_component test message | key=value
[2026-08-21T09:32:07+08:00] [ERROR] component=memory-hook-gateway delegate preflight failed | cwd=/private/var/folders/yl/qz0xdxvs36s_jr46sp_l9skh0000gn/T/pytest-of-busiji/pytest-236/popen-gw5/test_degraded_package_on_prefl0 error="preflight failed" event=session-start host=codex
[2026-08-21T09:32:15+08:00] [ERROR] component=health-check Project health degraded (from previous check) | status=degraded validation_errors="[\"error_0\", \"error_1\", \"error_2\", \"error_3\", \"error_4\", \"error_5\", \"error_6\", \"error_7\", \"error_8\", \"error_9\"]"
[2026-08-21T09:32:15+08:00] [ERROR] component=health-check Project health degraded (from previous check) | status=degraded validation_errors="[\"error1\", \"error2\", \"error3\"]"
[2026-08-21T09:35:22+08:00] [ERROR] component=pretooluse-guard guard timed out after 5s | cwd=/private/var/folders/yl/qz0xdxvs36s_jr46sp_l9skh0000gn/T/pytest-of-busiji/pytest-241/popen-gw0/test_gateway_timeout_protected0
[2026-08-21T09:35:22+08:00] [ERROR] component=pretooluse-guard guard timed out after 5s | cwd=/private/var/folders/yl/qz0xdxvs36s_jr46sp_l9skh0000gn/T/pytest-of-busiji/pytest-241/popen-gw0/test_gateway_timeout_non_prote0
[2026-08-21T09:35:22+08:00] [ERROR] component=pretooluse-guard guard execution failed | error="guard crashed"
[2026-08-21T09:35:22+08:00] [ERROR] component=pretooluse-guard guard timed out after 5s | cwd=/private/var/folders/yl/qz0xdxvs36s_jr46sp_l9skh0000gn/T/pytest-of-busiji/pytest-241/popen-gw0/test_gateway_handles_json_arra0
[2026-08-21T09:35:22+08:00] [ERROR] component=pretooluse-guard guard execution failed | error="guard crashed"
[2026-08-21T09:35:22+08:00] [ERROR] component=pretooluse-guard guard timed out after 5s | cwd=/private/var/folders/yl/qz0xdxvs36s_jr46sp_l9skh0000gn/T/pytest-of-busiji/pytest-241/popen-gw0/test_gateway_fail_closed_write1
[2026-08-21T09:35:22+08:00] [ERROR] component=pretooluse-guard guard timed out after 5s | cwd=/private/var/folders/yl/qz0xdxvs36s_jr46sp_l9skh0000gn/T/pytest-of-busiji/pytest-241/popen-gw0/test_gateway_fail_closed_redac0
[2026-08-21T09:35:36+08:00] [ERROR] component=pretooluse-guard guard timed out after 5s | cwd=/private/var/folders/yl/qz0xdxvs36s_jr46sp_l9skh0000gn/T/pytest-of-busiji/pytest-241/popen-gw2/test_gateway_timeout_protected0
[2026-08-21T09:35:36+08:00] [ERROR] component=pretooluse-guard guard timed out after 5s | cwd=/private/var/folders/yl/qz0xdxvs36s_jr46sp_l9skh0000gn/T/pytest-of-busiji/pytest-241/popen-gw2/test_gateway_timeout_non_prote0
[2026-08-21T09:35:36+08:00] [ERROR] component=pretooluse-guard guard execution failed | error="Guard crashed"
[2026-08-21T09:35:36+08:00] [ERROR] component=pretooluse-guard guard execution failed | error="Guard crashed"
[2026-08-21T09:35:57+08:00] [ERROR] component=health-check Project health degraded (from previous check) | status=degraded validation_errors="[\"error1\", \"error2\", \"error3\"]"
[2026-08-21T09:35:57+08:00] [ERROR] component=health-check Project health degraded (from previous check) | status=degraded validation_errors="[\"error_0\", \"error_1\", \"error_2\", \"error_3\", \"error_4\", \"error_5\", \"error_6\", \"error_7\", \"error_8\", \"error_9\"]"
[2026-08-21T09:36:07+08:00] [ERROR] component=test_component test message | key=value
[2026-08-21T09:36:08+08:00] [ERROR] component=test_component test message | key=value
[2026-08-21T09:36:16+08:00] [ERROR] component=memory-hook-gateway delegate preflight failed | cwd=/private/var/folders/yl/qz0xdxvs36s_jr46sp_l9skh0000gn/T/pytest-of-busiji/pytest-241/popen-gw0/test_degraded_package_on_prefl0 error="preflight failed" event=session-start host=codex
